scenario,policy,peak_before_release,peak_after_release,attack_rate_365
10000,Strict,26.019742893440764,12403.83217853467,0.9759542154816803
10000,Q11,2184.7947339334655,6810.427760851131,0.948224678013812
10000,Q22,701.7184225909526,10526.527686623953,0.969594001545795
10000,Q33,427.2947356951104,11249.682816608674,0.9726718149793337
10001,Strict,31.492849122164316,13178.768996807745,0.9824855115694459
10001,Q11,2024.213525589467,9010.326263642006,0.9686468092052032
10001,Q22,3095.5997367820682,7523.017115198346,0.9605010075226326
10001,Q33,584.6246956410604,11946.035186849705,0.9797006911307556
10002,Strict,22.31173413245492,12871.607612135178,0.980642671086717
10002,Q11,1227.4436303506611,10379.96957594479,0.9721431125250746
10002,Q22,1552.9488232586973,8981.410773454465,0.9661797182438103
10002,Q33,1249.3829491876388,10416.568947521208,0.972730473812772
10003,Strict,25.387946260174324,13084.733085306423,0.9806832727088667
10003,Q11,1811.146396360162,9263.511829236115,0.9690503731523861
10003,Q22,556.8002510646714,11712.123827610932,0.9782828422443092
10003,Q33,659.9438497844044,11570.800073388597,0.9779955822151035
10004,Strict,15.468945007629586,13630.313345780945,0.9860746504846675
10004,Q11,1277.7571865340865,8911.677938185807,0.9713103528801723
10004,Q22,2205.9875163969464,8623.061027453852,0.9701653238739223
10004,Q33,644.3426514349756,12117.42758659818,0.9825409331275754
10005,Strict,23.98534439989266,11035.42013675483,0.9555538296508815
10005,Q11,1095.8883348638085,8268.5319156084,0.9451389729684607
10005,Q22,1483.7088261316133,8054.65452465381,0.943728690520222
10005,Q33,167.24682432346364,10532.734329713556,0.958907451952172
10006,Strict,18.51739980480314,10684.541316539047,0.75193550120473
10006,Q11,545.2189405840408,9756.192744022715,0.9513868139676892
10006,Q22,154.65740069693146,10159.91453011178,0.9536095279327625
10006,Q33,238.59763101645692,9941.22716453141,0.9524728824505491
10007,Strict,24.882793387734147,13542.819801668586,0.9856760799621255
10007,Q11,4943.946905719541,3423.6989007426346,0.9264036212117822
10007,Q22,1700.3078391021095,8776.422522151664,0.9703755818708902
10007,Q33,1453.82179646796,9167.656953716987,0.9722227424701717
10008,Strict,30.707538793855,12637.240210297692,0.9783150884802972
10008,Q11,1256.4943314279276,9322.326813516203,0.9660131953431261
10008,Q22,1566.537862668044,9074.68385236032,0.9649570353443971
10008,Q33,539.9557191964559,11415.435154864725,0.9748230656740713
10009,Strict,15.631271234717971,12444.19578522676,0.9743286273267446
10009,Q11,1752.130743461156,8629.694669909697,0.960700381505701
10009,Q22,220.8215289462413,11668.956460364465,0.9742868602825985
10009,Q33,326.4083993268229,11524.058495899795,0.9737953399635889
10010,Strict,28.593739583325558,10587.574295185259,0.9538578299273145
10010,Q11,1295.7661846309443,7485.0012989060415,0.9343132508054564
10010,Q22,532.0432803610056,9031.849682346177,0.9458958327147512
10010,Q33,377.48878425353115,9508.772360091987,0.9491269571328971
10011,Strict,13.331913737355148,12356.983359876553,0.9524121334014773
10011,Q11,1444.1174418152027,8976.350516556526,0.9617776308592105
10011,Q22,531.7725271617082,11225.27893552724,0.9719474614494557
10011,Q33,183.6164711967133,11681.112792243981,0.9737326870928683
10012,Strict,22.24466267855834,10422.576118282946,0.9447596703032306
10012,Q11,1580.2632094806017,6667.153283548383,0.9245680873475645
10012,Q22,193.6023310926896,9718.752088251946,0.9486106812503053
10012,Q33,286.73988159609405,9541.37277437804,0.9474972180527387
10013,Strict,25.714289039307253,12104.02375148288,0.9703282724656105
10013,Q11,1634.9010459761141,7433.161723653089,0.9498463167547998
10013,Q22,492.21254320240735,10777.08303610978,0.9685096205744175
10013,Q33,765.9178435838239,10555.733041193063,0.9677200919988794
10014,Strict,27.246644910369938,8974.37352872591,0.5612899726857676
10014,Q11,438.6646357474025,9710.841790182945,0.950361136700521
10014,Q22,143.6758216517657,10052.00262686214,0.9522951337188624
10014,Q33,208.2866663232308,9838.488811962663,0.9510589998641613
10015,Strict,14.293488023348605,12283.1220893994,0.9747911436757292
10015,Q11,1218.9566065465474,8957.358454783845,0.9610942783030332
10015,Q22,1263.6920298139476,9133.499646765327,0.9621189784325709
10015,Q33,417.6412314337023,11168.728750865115,0.9714012865234993
10016,Strict,20.202617056972827,10535.952350553414,0.9291749008460244
10016,Q11,1456.5972895964487,6859.903166748112,0.927788008773636
10016,Q22,496.11968818562445,9425.02238202457,0.9477492449565857
10016,Q33,239.9979484005375,9761.223528296254,0.9498917854077858
10017,Strict,35.082586319196565,12720.495357772954,0.9794597754111938
10017,Q11,1285.712483542739,8543.941460905526,0.9627384179519605
10017,Q22,1483.0634077626446,9261.256949371713,0.9665216093428401
10017,Q33,755.8681157924041,11034.847259975006,0.9741252685230486
10018,Strict,27.127461013338916,12083.596950631616,0.9730089176124185
10018,Q11,1477.662085641365,7543.006968370119,0.9505374474831805
10018,Q22,1484.2081659034577,8640.67834515451,0.9578166456508653
10018,Q33,433.760037514752,10992.720878433078,0.9694592087985574
10019,Strict,18.65317135784421,13024.44504042681,0.9812953089413556
10019,Q11,1009.8481011223837,11064.111370343297,0.975671498803241
10019,Q22,648.4805048811243,11279.259008562101,0.9764704166357475
10019,Q33,424.3420798159461,11936.193064839375,0.978737516863141
10020,Strict,27.177807060587618,5281.31738497703,0.3197745370558571
10020,Q11,342.99542312133576,9635.890904709611,0.948785407060585
10020,Q22,165.69777495249411,9964.872059369725,0.9507446152643955
10020,Q33,233.25196478088543,9769.248340361966,0.9496210415159885
10021,Strict,21.26924804135233,10807.321693816197,0.9511552706828822
10021,Q11,1698.7062143678163,6739.841926358256,0.9299683369821206
10021,Q22,191.37948876827764,10104.749512307993,0.9545583986752827
10021,Q33,291.23292471253706,9903.070129750784,0.9534114101687037
10022,Strict,35.233262715649055,13185.89449559405,0.98207571840613
10022,Q11,1520.7117936184916,9211.093993457533,0.9694139740052286
10022,Q22,1445.4505151140204,9343.388664580565,0.9701975159578512
10022,Q33,590.44621958231,11834.97926818499,0.9794506439357356
10023,Strict,33.6963354552936,12964.962532465413,0.9799067899799453
10023,Q11,493.9996876833708,11480.831279597794,0.97694692661756
10023,Q22,2528.6494926334462,8491.095698381361,0.9643364260663941
10023,Q33,517.7663368734576,11757.083233606827,0.9779414849025805
10024,Strict,23.590995767183568,10068.271267505752,0.7356887783597735
10024,Q11,512.8286086808778,9136.83423743823,0.9410466933344299
10024,Q22,167.7769365903835,9489.562085907832,0.9432911967884677
10024,Q33,173.80107016624967,9450.265108316808,0.9431325710502442
10025,Strict,25.9168724879436,12833.214880674948,0.9691928272117852
10025,Q11,1666.2348416486489,9568.355750239105,0.9685019730956876
10025,Q22,2169.7192633995346,9347.546765401048,0.9675953439162202
10025,Q33,748.4381755046204,11327.969908653156,0.9756104646425081
10026,Strict,28.752467236761227,13862.90943784768,0.9876996075333441
10026,Q11,5149.946778081989,3801.082969821387,0.9359710467094021
10026,Q22,2190.642345581756,8217.015219499219,0.9699327453500202
10026,Q33,349.09182259655284,12587.141302951475,0.9850474573052862
10027,Strict,22.197964635323068,11305.943924858148,0.964527541774414
10027,Q11,2633.441805354306,5547.404088297125,0.924254805991718
10027,Q22,690.9964790489926,9204.146561548441,0.9540346369550396
10027,Q33,401.1589064060562,10199.800785479472,0.9597261227256885
10028,Strict,28.197935890205255,11221.532249845193,0.8770183902541687
10028,Q11,601.1910539827454,10036.238660276527,0.9579940022794637
10028,Q22,164.2996232815575,10658.832451903962,0.9610980571018656
10028,Q33,180.9887236401908,10823.751289380198,0.961945473891442
10029,Strict,18.984463719664436,2395.756336727618,0.14554299102063745
10029,Q11,348.114960640871,9506.246457104031,0.9450400761245143
10029,Q22,169.36336194210355,9778.200321201415,0.9467256481540189
10029,Q33,124.66275501333503,9632.822430816275,0.9458538338156148
10030,Strict,32.240178090837276,11277.970013446426,0.9623225969081486
10030,Q11,1304.6295059359536,7836.460996503853,0.9447724275012824
10030,Q22,510.8793173028014,9877.322948696097,0.9576211417531203
10030,Q33,376.11992228892683,10260.069578673249,0.9597977655063255
10031,Strict,32.731002255428024,9954.747591380143,0.8672961764691223
10031,Q11,539.2551548958514,8872.484786078367,0.9379957849611988
10031,Q22,166.65493219840226,9311.019523204273,0.9410381197493435
10031,Q33,201.05794801760646,9496.31971322763,0.9423290769194547
10032,Strict,32.773241227772466,14012.75172146115,0.9886681149890593
10032,Q11,6206.486371621875,2910.1187453924813,0.9253013006654744
10032,Q22,1744.4283616250732,8609.817820023534,0.9731642027921829
10032,Q33,420.3478586106513,12573.068449157458,0.9858228324808505
10033,Strict,26.174497983940945,10556.99955079924,0.7716159305464853
10033,Q11,338.1906198643601,9385.755228053538,0.9477542896455613
10033,Q22,177.08657254297114,9871.56189924821,0.9507734130880849
10033,Q33,228.3483472263099,9784.026150890342,0.9502407479114311
10034,Strict,19.8095557878928,12637.237180048265,0.9776756474895836
10034,Q11,1775.848807652582,8050.906288269661,0.9587659514497735
10034,Q22,243.83278693527689,11751.545181435764,0.9758390729468825
10034,Q33,377.50032556999577,11630.300137929917,0.975449859098946
10035,Strict,25.46500249816654,10097.549554254849,0.8583741996840146
10035,Q11,429.6642965524345,8834.847906613255,0.9391446140868478
10035,Q22,395.4691901012691,9176.13382583607,0.9415117918382354
10035,Q33,226.49803082980338,9318.44512840453,0.9425081882932068
10036,Strict,13.705640944727818,10393.075016382983,0.8525706667147384
10036,Q11,616.8662219758078,9475.632000666705,0.9467410287930687
10036,Q22,195.61726765557404,9862.184592230522,0.949018594426949
10036,Q33,171.68643929340294,9756.898142601694,0.9484241612087722
10037,Strict,20.742205471151173,12349.076909925836,0.9761017705076988
10037,Q11,1008.9263437176484,8939.932723038306,0.961863123292533
10037,Q22,1636.7063445859242,8304.138848993713,0.9583394711160852
10037,Q33,560.0351852379952,10946.12193072569,0.9711797062734886
10038,Strict,19.721714830846366,13739.731580872502,0.9861449835608264
10038,Q11,1488.8665729956776,9651.472328692571,0.9749346456300311
10038,Q22,713.3477284926482,11921.164017532998,0.9822889554825266
10038,Q33,1764.608443672595,8485.497951551277,0.9701005860651347
10039,Strict,24.58210043747626,10084.550557095637,0.9391103462734206
10039,Q11,1504.4189186294975,6491.917540248591,0.9184356787389955
10039,Q22,220.4029197786346,9364.796210199123,0.9428168006336421
10039,Q33,301.72737904313044,9187.649732651777,0.9416285706706601
