beta,compliance,policy,peak_infectious,peak_day,new_infections,attack_rate,peak_hospital_proxy,days_above_capacity,mean_restriction_cost,return,population_error
0.24,0.5,None,9962.509823445222,79,46272.10225638245,0.9449408623751521,498.1254911722611,67,0.0,-1.2301476429662526,1.4551915228366852e-11
0.24,0.5,Strict,27.6136789402276,180,431.8867526847389,0.009426260258872223,1.38068394701138,0,0.7225,-0.26908401536091253,1.0186340659856796e-10
0.24,0.5,Threshold,3597.0950850247973,123,32032.097054445592,0.6543285113152162,179.85475425123988,76,0.2672083333333333,-0.8263529996098754,1.4551915228366852e-11
0.24,0.5,Q11,1820.9781897802134,126,13823.255898648029,0.28271950813567404,91.04890948901067,0,0.5005416666666667,-0.46353226323771496,7.275957614183426e-11
0.24,0.7,None,9962.509823445222,79,46272.10225638245,0.9449408623751521,498.1254911722611,67,0.0,-1.2301476429662526,1.4551915228366852e-11
0.24,0.7,Strict,16.857016439034997,6,31.07572289732343,0.001246443324435172,0.8428508219517499,0,0.7225,-0.2609041984264764,6.548361852765083e-11
0.24,0.7,Threshold,1771.7406705257677,143,18045.869652239657,0.3688952990252991,88.5870335262884,0,0.2672083333333333,-0.4645580541273396,5.820766091346741e-11
0.24,0.7,Q11,2201.813526156957,130,10313.274007039938,0.21108722463346813,110.09067630784784,8,0.395013888888889,-0.35531242331292623,3.637978807091713e-11
0.24,0.85,None,9962.509823445222,79,46272.10225638245,0.9449408623751521,498.1254911722611,67,0.0,-1.2301476429662526,1.4551915228366852e-11
0.24,0.85,Strict,16.11210643553847,5,9.399553848255891,0.0008040725275154264,0.8056053217769237,0,0.7225,-0.26046182762955694,3.637978807091713e-11
0.24,0.85,Threshold,1067.093916154214,155,11179.150646242451,0.22875817645392757,53.3546958077107,0,0.2672083333333333,-0.3244209315559674,4.3655745685100555e-11
0.24,0.85,Q11,439.1838272666327,180,3226.14201955669,0.06645187795013653,21.959191363331637,0,0.29054166666666664,-0.1718146330521777,3.637978807091713e-11
0.24,1,None,9962.509823445222,79,46272.10225638245,0.9449408623751521,498.1254911722611,67,0.0,-1.2301476429662526,1.4551915228366852e-11
0.24,1,Strict,15.756808609273182,5,2.245622905000346,0.0006580739368367418,0.7878404304636591,0,0.7225,-0.26031582903887784,4.3655745685100555e-11
0.24,1,Threshold,675.5723949823782,168,7148.77391327505,0.14650559006683775,33.77861974911891,0,0.2672083333333333,-0.24216834516887945,2.9103830456733704e-11
0.24,1,Q11,378.9340213490711,141,2303.9101619923094,0.04763081963249611,18.946701067453557,0,0.2624444444444444,-0.14273857473453663,2.1827872842550278e-11
0.3,0.5,None,12372.095104716343,65,47802.46262664118,0.9761727066661465,618.6047552358173,60,0.0,-1.299142995354998,2.9103830456733704e-11
0.3,0.5,Strict,391.5801483165815,180,2901.9189495241008,0.05983508060253267,19.579007415829075,0,0.7225,-0.31949283570457493,5.093170329928398e-11
0.3,0.5,Threshold,5931.951054501991,92,40223.481591808726,0.821499624322627,296.59755272509955,78,0.2672083333333333,-1.09521459383361,1.4551915228366852e-11
0.3,0.5,Q11,2062.90896786993,128,20066.502520181966,0.4101327044935095,103.14544839349651,16,0.5730694444444444,-0.6172363756776392,4.3655745685100555e-11
0.3,0.7,None,12372.095104716343,65,47802.46262664118,0.9761727066661465,618.6047552358173,60,0.0,-1.299142995354998,2.9103830456733704e-11
0.3,0.7,Strict,17.326677901993765,7,52.18980085383373,0.0016773428745680352,0.8663338950996883,0,0.7225,-0.2613350979766091,5.093170329928398e-11
0.3,0.7,Threshold,3456.257938669015,104,29974.47430725316,0.6123362103521053,172.81289693345076,69,0.2672083333333333,-0.7709483342599568,2.9103830456733704e-11
0.3,0.7,Q11,889.3264568097393,157,6987.737830956612,0.1432191394072778,44.46632284048697,0,0.4656388888888889,-0.3116868945093189,8.003553375601768e-11
0.3,0.85,None,12372.095104716343,65,47802.46262664118,0.9761727066661465,618.6047552358173,60,0.0,-1.299142995354998,2.9103830456733704e-11
0.3,0.85,Strict,16.243378506296548,6,12.754555118561257,0.0008725419411951277,0.8121689253148274,0,0.7225,-0.26053029704323566,3.637978807091713e-11
0.3,0.85,Threshold,2290.998382431671,110,21348.128848673918,0.4362883438504881,114.54991912158356,36,0.2672083333333333,-0.5388603557968399,5.093170329928398e-11
0.3,0.85,Q11,1151.8798329414872,180,6378.207278483205,0.13077974037720827,57.59399164707436,0,0.34440277777777784,-0.2554124954792489,4.3655745685100555e-11
0.3,1,None,12372.095104716343,65,47802.46262664118,0.9761727066661465,618.6047552358173,60,0.0,-1.299142995354998,2.9103830456733704e-11
0.3,1,Strict,15.793284370985305,5,2.860840135748731,0.0006706293905254843,0.7896642185492653,0,0.7225,-0.2603283844925657,4.3655745685100555e-11
0.3,1,Threshold,1607.187727643713,116,15711.718528896345,0.3212595618142111,80.35938638218566,0,0.2672083333333333,-0.4169223169162522,2.1827872842550278e-11
0.3,1,Q11,1355.3921925717423,122,7722.2599572424515,0.158209386882499,67.76960962858712,0,0.3531111111111112,-0.2868071419845401,2.9103830456733704e-11
0.36,0.5,None,14193.848016571836,56,48444.226693228564,0.9892699325148686,709.6924008285919,56,0.0,-1.3325088917376382,2.1827872842550278e-11
0.36,0.5,Strict,2230.6971158867323,180,14900.874823882012,0.3047117310996329,111.53485579433662,13,0.7225,-0.5660539632221314,2.9103830456733704e-11
0.36,0.5,Threshold,7887.656724790957,80,43768.992117120906,0.8938569819820593,394.3828362395479,73,0.2705694444444445,-1.2295504653258378,2.1827872842550278e-11
0.36,0.5,Q11,7249.586379115865,93,39929.97883805496,0.8155097722052033,362.4793189557933,67,0.4489722222222223,-1.1658961691129437,5.093170329928398e-11
0.36,0.7,None,14193.848016571836,56,48444.226693228564,0.9892699325148686,709.6924008285919,56,0.0,-1.3325088917376382,2.1827872842550278e-11
0.36,0.7,Strict,17.901466578928485,8,92.62578255816334,0.0025025669909829254,0.8950733289464243,0,0.7225,-0.26216032209302365,4.3655745685100555e-11
0.36,0.7,Threshold,4998.621555582867,92,36124.54650554954,0.7378478878683579,249.93107777914335,75,0.27897222222222223,-0.9721939380939978,2.1827872842550278e-11
0.36,0.7,Q11,3144.6145206394713,157,17125.196289182928,0.3501060467180189,157.23072603197357,26,0.4749722222222222,-0.5389140624954881,5.820766091346741e-11
0.36,0.85,None,14193.848016571836,56,48444.226693228564,0.9892699325148686,709.6924008285919,56,0.0,-1.3325088917376382,2.1827872842550278e-11
0.36,0.85,Strict,16.41644857584256,6,16.737234090309357,0.0009538211038838644,0.820822428792128,0,0.7225,-0.26061157620592396,5.093170329928398e-11
0.36,0.85,Threshold,3450.0979104528833,97,27169.18305782156,0.5550853685269707,172.50489552264418,61,0.27897222222222223,-0.7104035836701993,2.1827872842550278e-11
0.36,0.85,Q11,4009.896149210915,156,19967.989687383764,0.40812223851803603,200.49480746054576,34,0.3908749999999999,-0.5862538856075508,3.637978807091713e-11
0.36,1,None,14193.848016571836,56,48444.226693228564,0.9892699325148686,709.6924008285919,56,0.0,-1.3325088917376382,2.1827872842550278e-11
0.36,1,Strict,15.82980392890428,5,3.50011250647367,0.0006836757654382382,0.791490196445214,0,0.7225,-0.2603414308674802,6.548361852765083e-11
0.36,1,Threshold,2505.0764412018552,102,19917.27480750384,0.40708724096946614,125.25382206009277,39,0.27897222222222223,-0.519768670698769,5.093170329928398e-11
0.36,1,Q11,855.1224366959364,163,5875.353203482067,0.12051741231596055,42.75612183479682,0,0.390638888888889,-0.2619451674180012,5.093170329928398e-11
0.42,0.5,None,15595.061079845455,49,48727.80518362038,0.9950572486453139,779.7530539922727,53,0.0,-1.3502847125454844,2.9103830456733704e-11
0.42,0.5,Strict,3821.1205611553196,149,30982.456869409754,0.6329072830491786,191.05602805776599,70,0.7225,-0.9795444377313627,2.1827872842550278e-11
0.42,0.5,Threshold,9598.926911786873,69,45780.100470893725,0.934900009610076,479.9463455893437,68,0.23527777777777778,-1.2974275367915284,2.1827872842550278e-11
0.42,0.5,Q11,12877.1304554417,70,48511.22786907884,0.9906373034505885,643.8565227720851,62,0.10597222222222222,-1.3620546478651794,2.9103830456733704e-11
0.42,0.7,None,15595.061079845455,49,48727.80518362038,0.9950572486453139,779.7530539922727,53,0.0,-1.3502847125454844,2.9103830456733704e-11
0.42,0.7,Strict,18.69654536063409,11,182.36717340255564,0.004334023946990931,0.9348272680317046,0,0.7225,-0.26399177904903137,4.3655745685100555e-11
0.42,0.7,Threshold,6479.542928510958,78,40155.387294941735,0.8201099447947293,323.9771464255479,74,0.27897222222222223,-1.1107311819588475,4.3655745685100555e-11
0.42,0.7,Q11,6534.912753398865,149,32659.25879342805,0.6671277304781235,326.7456376699433,55,0.47497222222222224,-0.95431030708488,3.637978807091713e-11
0.42,0.85,None,15595.061079845455,49,48727.80518362038,0.9950572486453139,779.7530539922727,53,0.0,-1.3502847125454844,2.9103830456733704e-11
0.42,0.85,Strict,16.59051235189903,6,21.540576496423455,0.0010518484999270093,0.8295256175949515,0,0.7225,-0.26070960360196754,4.3655745685100555e-11
0.42,0.85,Threshold,4597.139732856034,82,32106.660605713532,0.6558502164431333,229.85698664280173,68,0.27897222222222223,-0.8612573520128588,2.9103830456733704e-11
0.42,0.85,Q11,5650.285766784385,155,27695.805068295464,0.5658327564958258,282.51428833921926,48,0.4002083333333333,-0.7939471017801126,3.637978807091713e-11
0.42,1,None,15595.061079845455,49,48727.80518362038,0.9950572486453139,779.7530539922727,53,0.0,-1.3502847125454844,2.9103830456733704e-11
0.42,1,Strict,15.866367317663919,5,4.164882392156869,0.0006972424977991198,0.7933183658831959,0,0.7225,-0.26035499759984043,3.637978807091713e-11
0.42,1,Threshold,3390.063212605098,85,23614.99622471791,0.48255094336159,169.5031606302549,52,0.27897222222222223,-0.6277456895536697,3.637978807091713e-11
0.42,1,Q11,2701.7935167568103,155,17117.557024666585,0.34995014336054253,135.08967583784053,18,0.36963888888888896,-0.4911858253906425,2.9103830456733704e-11
