episode,return,epsilon
1,-0.9956683720136196,1.0
2,-0.22386885645325222,0.997
3,-1.256280643703749,0.994009
4,-1.3738898548339056,0.991026973
5,-1.2353126716209508,0.988053892081
6,-1.115954094662098,0.985089730404757
7,-1.1333796622668708,0.9821344612135428
8,-0.7389735478112618,0.9791880578299021
9,-0.5172327983672202,0.9762504936564125
10,-1.3181372406565517,0.9733217421754432
11,-1.1516257766159714,0.9704017769489168
12,-0.9531596554795375,0.9674905716180701
13,-0.2786901139646756,0.9645880999032158
14,-0.1965911967652048,0.9616943356035061
15,-0.6489202353594956,0.9588092525966956
16,-0.22019536993702649,0.9559328248389055
17,-1.2396581366593549,0.9530650263643888
18,-0.32581797183029815,0.9502058312852957
19,-0.8979528247424121,0.9473552137914398
20,-0.8787343397265835,0.9445131481500655
21,-1.1518271504449629,0.9416796087056153
22,-0.2724985238536939,0.9388545698794984
23,-0.4278443530477354,0.93603800616986
24,-1.0571456026544483,0.9332298921513504
25,-0.6148716927571504,0.9304302024748964
26,-1.1869395346924865,0.9276389118674717
27,-1.1528410675907697,0.9248559951318693
28,-0.6684534208603763,0.9220814271464737
29,-0.9195025981750234,0.9193151828650342
30,-0.49059693784720027,0.9165572373164391
31,-0.20673324026560239,0.9138075656044898
32,-0.2085942194412423,0.9110661429076764
33,-0.941969628599221,0.9083329444789534
34,-1.06234125171756,0.9056079456455165
35,-0.46002606653952943,0.90289112180858
36,-0.30598682093579693,0.9001824484431542
37,-0.7647415398680558,0.8974819010978248
38,-0.3973499336465889,0.8947894553945313
39,-0.25842082510446673,0.8921050870283477
40,-0.4288987754146841,0.8894287717672626
41,-0.985770860320527,0.8867604854519608
42,-0.9596818744269705,0.884100203995605
43,-1.1322862589648828,0.8814479033836181
44,-0.565734481347724,0.8788035596734672
45,-0.7090145040548489,0.8761671489944468
46,-0.46810367357101185,0.8735386475474635
47,-0.16648985237639646,0.8709180316048211
48,-0.9594733318700023,0.8683052775100066
49,-0.2447228850894423,0.8657003616774767
50,-0.36823963047598784,0.8631032605924442
51,-0.6847806631997004,0.860513950810667
52,-0.6988106816997923,0.857932408958235
53,-0.4191213152913276,0.8553586117313603
54,-0.3728330413070156,0.8527925358961662
55,-0.8895578698334932,0.8502341582884777
56,-0.482937979722841,0.8476834558136123
57,-0.2696137962535798,0.8451404054461714
58,-1.1106770809475868,0.8426049842298329
59,-0.29004250449472546,0.8400771692771434
60,-0.20380157417801423,0.837556937769312
61,-0.6905608935550205,0.835044266956004
62,-0.36222325794155863,0.8325391341551359
63,-0.1981916802708937,0.8300415167526705
64,-0.37722029934019047,0.8275513922024125
65,-0.32710152208847476,0.8250687380258053
66,-0.15700877394796417,0.8225935318117279
67,-0.5117783171352351,0.8201257512162927
68,-0.1846185746316803,0.8176653739626438
69,-0.8620090823794169,0.8152123778407558
70,-1.043000835323948,0.8127667407072335
71,-0.7346254679017445,0.8103284404851119
72,-1.2518668318168957,0.8078974551636565
73,-0.7551884824073343,0.8054737627981655
74,-0.20396099899928002,0.803057341509771
75,-0.42017504219362406,0.8006481694852418
76,-0.5802691621957597,0.798246224976786
77,-0.31272427918988427,0.7958514863018556
78,-0.6769519076840101,0.79346393184295
79,-1.0691980152472451,0.7910835400474212
80,-0.9564486184276794,0.7887102894272789
81,-0.2648833415087185,0.7863441585589971
82,-0.5122286972509263,0.78398512608332
83,-0.5287088721916282,0.7816331707050701
84,-0.32845438726042137,0.7792882711929549
85,-0.17052053270050224,0.776950406379376
86,-0.6437535735347469,0.7746195551602378
87,-0.15701950467074408,0.7722956964947572
88,-0.3247688619842188,0.7699788094052729
89,-1.0319969538672746,0.767668872977057
90,-0.8697620750141313,0.7653658663581259
91,-0.25561325543583063,0.7630697687590515
92,-0.271468520103533,0.7607805594527743
93,-0.8413752364377504,0.7584982177744161
94,-0.5185087323962754,0.7562227231210928
95,-0.31340956894793864,0.7539540549517295
96,-1.3276087331964408,0.7516921927868743
97,-0.11717528743154214,0.7494371162085136
98,-0.4898751721980119,0.747188804859888
99,-1.3234853233408495,0.7449472384453084
100,-0.6635644888683501,0.7427123967299725
101,-0.6576099993886667,0.7404842595397826
102,-0.6341220169959524,0.7382628067611632
103,-0.23053566083806423,0.7360480183408797
104,-0.9412587498863435,0.7338398742858571
105,-0.6226229576588713,0.7316383546629995
106,-0.5561847673655018,0.7294434395990105
107,-1.1682955167003015,0.7272551092802134
108,-0.2578635683856032,0.7250733439523728
109,-0.5960037627781473,0.7228981239205157
110,-0.6693812196567667,0.7207294295487541
111,-0.2652404525844011,0.7185672412601078
112,-0.9514151118814567,0.7164115395363275
113,-0.74306518153939,0.7142623049177186
114,-1.2289482590833558,0.7121195180029655
115,-0.19576971516193728,0.7099831594489566
116,-1.2015975760208304,0.7078532099706097
117,-0.9170145105303236,0.7057296503406979
118,-0.9732867748760505,0.7036124613896758
119,-1.1354439308770572,0.7015016240055068
120,-0.2912369175649072,0.6993971191334902
121,-0.969743025731387,0.6972989277760897
122,-0.33765648763051864,0.6952070309927615
123,-0.21749952108061124,0.6931214098997832
124,-0.7783807795373662,0.6910420456700839
125,-0.5242275007087834,0.6889689195330736
126,-0.21518688274919756,0.6869020127744744
127,-0.7148136512717677,0.684841306736151
128,-0.9077186963306726,0.6827867828159425
129,-0.6115821513790538,0.6807384224674947
130,-0.2665802061503442,0.6786962072000923
131,-1.244317096685666,0.676660118578492
132,-1.0287878180721237,0.6746301382227565
133,-0.24208571294389447,0.6726062478080883
134,-0.33283143750915123,0.6705884290646641
135,-0.8040433026310887,0.66857666377747
136,-0.2851762113022845,0.6665709337861376
137,-1.0516214109714674,0.6645712209847792
138,-0.5399101052003874,0.6625775073218249
139,-1.2463869166835293,0.6605897747998594
140,-0.23256435460306554,0.6586080054754598
141,-0.25916625178503855,0.6566321814590335
142,-0.2785824142482225,0.6546622849146564
143,-0.1813955745283834,0.6526982980599124
144,-0.2918426306414526,0.6507402031657327
145,-0.7584614636818995,0.6487879825562355
146,-0.8375848801874459,0.6468416186085668
147,-0.727130213724628,0.6449010937527411
148,-0.5514041159374434,0.6429663904714829
149,-0.4426631419568522,0.6410374913000684
150,-0.2057318237515358,0.6391143788261682
151,-0.3525818681071598,0.6371970356896897
152,-0.6138252367713183,0.6352854445826206
153,-0.38075114897084206,0.6333795882488727
154,-0.45768889645499977,0.6314794494841262
155,-0.16964307006119503,0.6295850111356738
156,-1.0482451900107521,0.6276962561022668
157,-1.0721772062775008,0.62581316733396
158,-0.9079419481499734,0.623935727831958
159,-0.5111949073145805,0.6220639206484622
160,-0.18744060385551986,0.6201977288865168
161,-1.087735323546151,0.6183371356998573
162,-0.2550318043450873,0.6164821242927577
163,-0.6917398197939979,0.6146326779198794
164,-0.3934938434185315,0.6127887798861198
165,-0.4173597286244499,0.6109504135464614
166,-0.4644857545379846,0.609117562305822
167,-0.11880857487578658,0.6072902096189046
168,-0.5678371522296662,0.6054683389900478
169,-0.9280329299978626,0.6036519339730777
170,-0.5474138477464462,0.6018409781711584
171,-0.7728167787589768,0.6000354552366449
172,-0.3686254171652955,0.598235348870935
173,-0.1625156982650721,0.5964406428243222
174,-0.21095655487827178,0.5946513208958493
175,-0.7788210138731887,0.5928673669331617
176,-0.8093530940829865,0.5910887648323622
177,-0.28256907525483654,0.5893154985378651
178,-0.16384149605261678,0.5875475520422515
179,-0.8314739703421566,0.5857849093861247
180,-0.5248079837399147,0.5840275546579663
181,-0.30479064371712544,0.5822754719939924
182,-0.27548838776023044,0.5805286455780104
183,-0.4690324033827587,0.5787870596412764
184,-1.3216143273326628,0.5770506984623526
185,-0.4296621023285953,0.5753195463669655
186,-0.6010838961699563,0.5735935877278646
187,-0.24896165098678938,0.571872806964681
188,-0.5809066203178368,0.5701571885437869
189,-0.1891600054207675,0.5684467169781556
190,-1.0211826963199928,0.5667413768272211
191,-0.363178352271876,0.5650411526967395
192,-0.14837260539129501,0.5633460292386493
193,-0.47558478966503015,0.5616559911509333
194,-0.23303084061570115,0.5599710231774805
195,-0.7235750295803738,0.5582911101079481
196,-0.2717656538992528,0.5566162367776242
197,-0.18866355799133566,0.5549463880672914
198,-0.15982945333096482,0.5532815489030894
199,-0.6033141910570592,0.5516217042563801
200,-0.4579861957839267,0.549966839143611
201,-0.2595041968302928,0.5483169386261801
202,-0.24375549073023073,0.5466719878103016
203,-0.5227597316893093,0.5450319718468707
204,-0.655923203738622,0.5433968759313301
205,-0.15642920423683157,0.5417666853035361
206,-0.2415567500221766,0.5401413852476254
207,-0.5469088326982925,0.5385209610918825
208,-0.7288080255623024,0.5369053982086068
209,-0.27279265448202866,0.535294682013981
210,-0.8304996341681369,0.5336887979679391
211,-0.8255763370975833,0.5320877315740353
212,-0.47784308279318477,0.5304914683793133
213,-0.4168163435951116,0.5288999939741753
214,-0.3742460375757228,0.5273132939922528
215,-0.6873394456096648,0.525731354110276
216,-0.6763135100034708,0.5241541600479452
217,-0.30369698831178943,0.5225816975678014
218,-1.0770117391721112,0.521013952475098
219,-0.19902770877795403,0.5194509106176727
220,-0.18323210034298268,0.5178925578858197
221,-0.2642175167914369,0.5163388802121622
222,-0.9877063584769572,0.5147898635715258
223,-0.5628951936658696,0.5132454939808112
224,-0.15784270618676524,0.5117057574988688
225,-0.643475796325596,0.5101706402263723
226,-0.351423056326547,0.5086401283056932
227,-0.3047227050666948,0.5071142079207761
228,-0.5010434626471578,0.5055928652970137
229,-0.13238563021001631,0.5040760867011227
230,-0.23786309371617476,0.5025638584410194
231,-0.6419568077566612,0.5010561668656963
232,-0.21061399340987655,0.49955299836509925
233,-0.7646471617867288,0.49805433937000393
234,-0.6900501686723478,0.4965601763518939
235,-1.1207665264030922,0.49507049582283824
236,-0.2135756216491888,0.49358528433536975
237,-0.5090376911711875,0.49210452848236363
238,-0.2699694373980658,0.49062821489691655
239,-0.16245762175622597,0.4891563302522258
240,-0.26289606565575685,0.48768886126146915
241,-0.23533113846633993,0.48622579467768473
242,-1.016323689925407,0.4847671172936517
243,-0.2043716359176244,0.4833128159417707
244,-0.3229762980175357,0.4818628774939454
245,-0.2369919617922679,0.48041728886146357
246,-0.2424676387738386,0.4789760369948792
247,-0.2596295642340484,0.47753910888389456
248,-0.22152079404318578,0.4761064915572429
249,-0.2426631420119618,0.4746781720825711
250,-0.554704371912117,0.4732541375663234
251,-0.49810790752488954,0.4718343751536244
252,-0.39542579204672473,0.47041887202816357
253,-0.4785401080720064,0.4690076154120791
254,-0.37329111226404993,0.46760059256584285
255,-0.6747588500728918,0.4661977907881453
256,-0.2009824986604906,0.4647991974157809
257,-0.7793360864221391,0.46340479982353355
258,-0.3836042372653657,0.46201458542406293
259,-0.23161470702585377,0.4606285416677907
260,-0.3219521282606469,0.45924665604278736
261,-0.43550752404827686,0.457868916074659
262,-1.0004387881981822,0.45649530932643506
263,-0.16998485750017614,0.45512582339845575
264,-0.25461967639982774,0.45376044592826037
265,-0.4557189043818943,0.4523991645904756
266,-0.28013665558765366,0.45104196709670413
267,-0.3455683019506207,0.449688841195414
268,-0.2524980244309835,0.4483397746718278
269,-0.3161657073816013,0.4469947553478123
270,-0.7788122843737383,0.44565377108176885
271,-0.4969898841580784,0.44431680976852356
272,-0.15648813756685193,0.44298385933921797
273,-0.7885598010850469,0.4416549077612003
274,-0.2710129281705719,0.4403299430379167
275,-0.25540700085354145,0.43900895320880295
276,-0.5767686576013998,0.43769192634917653
277,-0.7220445147619312,0.436378850570129
278,-0.42410874350821237,0.4350697140184186
279,-0.4953279634770477,0.43376450487636337
280,-0.4703613579209911,0.43246321136173427
281,-0.46639809064288457,0.43116582172764906
282,-0.44290432479384256,0.42987232426246613
283,-0.2275013357239909,0.42858270728967873
284,-0.5079801379222704,0.4272969591678097
285,-0.6871529796895006,0.4260150682903063
286,-0.44684330022939717,0.4247370230854354
287,-0.3211769586341117,0.4234628120161791
288,-0.2540201755535153,0.42219242358013054
289,-0.4002486426032442,0.4209258463093902
290,-0.4445600524470302,0.419663068770462
291,-0.2261919268347548,0.4184040795641506
292,-0.609598538796795,0.41714886732545814
293,-0.30602783525423155,0.41589742072348174
294,-0.43845403847698555,0.4146497284613113
295,-0.36848436620366687,0.41340577927592737
296,-0.29780890489557416,0.41216556193809956
297,-0.8071670545227424,0.41092906525228523
298,-0.4458724553165181,0.40969627805652836
299,-0.16025378196552012,0.40846718922235875
300,-0.3103919551193997,0.40724178765469166
301,-0.8726596475429574,0.4060200622917276
302,-0.7822341433459722,0.4048020021048524
303,-0.16574157701508718,0.40358759609853784
304,-0.5864287987230044,0.4023768333102422
305,-0.19653243432730305,0.4011697028103115
306,-0.3852395592238985,0.3999661937018806
307,-0.4833979749717019,0.39876629512077494
308,-0.5109807954614455,0.3975699962354126
309,-0.5829763023967277,0.3963772862467064
310,-0.3874958854829854,0.39518815438796623
311,-0.2570292075116647,0.3940025899248023
312,-0.25557734318241804,0.3928205821550279
313,-0.41722842363470464,0.39164212040856283
314,-0.8536120455075208,0.39046719404733715
315,-0.5062912780585095,0.38929579246519513
316,-0.5724136312283097,0.38812790508779954
317,-0.2927818016268794,0.38696352137253615
318,-0.3777107137729593,0.38580263080841853
319,-0.28705965412458484,0.3846452229159933
320,-0.5877482201863232,0.3834912872472453
321,-0.49399820646831183,0.3823408133855036
322,-0.4812369517969631,0.38119379094534706
323,-0.7914788612639381,0.380050209572511
324,-0.3231931035049199,0.3789100589437935
325,-0.2375195492986427,0.3777733287669621
326,-0.2816408747027853,0.37664000878066123
327,-0.377592444469669,0.37551008875431924
328,-0.18764603898182614,0.37438355848805627
329,-0.1279020931701189,0.3732604078125921
330,-0.2408186817779251,0.37214062658915437
331,-0.7948009977773831,0.3710242047093869
332,-0.2362561638182679,0.3699111320952587
333,-0.21685475881205635,0.36880139869897294
334,-0.26138741311563707,0.367694994502876
335,-0.4391844798587127,0.3665919095193674
336,-0.11268236450436664,0.36549213379080925
337,-0.17002734254313703,0.3643956573894368
338,-0.3464886191284275,0.3633024704172685
339,-0.308197482443659,0.3622125630060167
340,-0.40902632767318237,0.3611259253169986
341,-0.2655923572001543,0.3600425475410476
342,-1.0202604816579248,0.3589624198984244
343,-0.2654473330980439,0.35788553263872913
344,-0.3449840714013533,0.35681187604081294
345,-0.199335523153114,0.3557414404126905
346,-0.33490983837253596,0.35467421609145244
347,-0.13182251658950117,0.35361019344317807
348,-0.31950488598354604,0.35254936286284855
349,-0.33495244945104197,0.35149171477426
350,-0.24917096274663247,0.3504372396299372
351,-0.20503732750697676,0.3493859279110474
352,-0.2684493348839497,0.34833777012731426
353,-0.22233568754313643,0.34729275681693234
354,-0.2592059984717731,0.3462508785464815
355,-0.2091930757232924,0.34521212591084205
356,-0.2225423323890016,0.34417648953310953
357,-0.21435543718922986,0.3431439600645102
358,-0.33644923916082065,0.34211452818431665
359,-0.39894433815498853,0.3410881845997637
360,-0.22261747773584817,0.3400649200459644
361,-0.17374776655735227,0.3390447252858265
362,-0.14536558753778137,0.33802759110996905
363,-0.3290717853135333,0.3370135083366391
364,-0.21745208527252932,0.3360024678116292
365,-0.9157064668148795,0.3349944604081943
366,-0.24827753660628302,0.33398947702696974
367,-0.14801713836135955,0.3329875085958888
368,-0.28289714584644204,0.33198854607010114
369,-0.4876191897655336,0.33099258043189084
370,-0.28690664954371253,0.32999960269059514
371,-0.36441684023830906,0.32900960388252337
372,-0.15642845677233377,0.3280225750708758
373,-0.16671110697506125,0.32703850734566314
374,-0.18524386394319828,0.32605739182362614
375,-0.26830961283458743,0.3250792196481553
376,-0.6468332517917255,0.3241039819892108
377,-0.8607819234062096,0.32313167004324317
378,-0.23385787923508064,0.32216227503311345
379,-0.1765138635407231,0.3211957882080141
380,-0.12991733791992813,0.32023220084339005
381,-0.2472351661905111,0.31927150424085987
382,-0.23090545250914413,0.3183136897281373
383,-0.2902468728379039,0.31735874865895286
384,-0.9053379694803432,0.316406672412976
385,-0.22063836212898164,0.3154574523957371
386,-0.1509151759513369,0.3145110800385499
387,-0.5491386550530425,0.31356754679843424
388,-0.3386185589977573,0.31262684415803893
389,-0.2460765117322322,0.3116889636255648
390,-0.24220797647046427,0.3107538967346881
391,-0.36349364452488697,0.30982163504448407
392,-0.18150322049838707,0.3088921701393506
393,-0.19033916499388262,0.30796549362893255
394,-0.24935143268895865,0.30704159714804574
395,-0.12855239139070446,0.3061204723566016
396,-0.21147074121807743,0.3052021109395318
397,-0.25245312409735826,0.3042865046067132
398,-0.18001005684208474,0.30337364509289305
399,-0.29283079028716164,0.30246352415761435
400,-0.299037624757933,0.3015561335851415
401,-0.17542708265658258,0.30065146518438607
402,-0.2953888075182596,0.2997495107888329
403,-0.14696466167970043,0.2988502622564664
404,-0.21608445121886563,0.29795371146969696
405,-0.5684898590616255,0.29705985033528787
406,-0.30236926814786014,0.296168670784282
407,-0.18818465403028173,0.29528016477192914
408,-0.19445495492926643,0.29439432427761336
409,-0.333495271470325,0.2935111413047805
410,-0.24867162428104092,0.29263060788086614
411,-0.17840503559633647,0.2917527160572235
412,-0.3894554414156534,0.29087745790905184
413,-0.42299335373369573,0.2900048255353247
414,-0.1517154737058751,0.28913481105871874
415,-0.1858713373831552,0.28826740662554257
416,-0.17028119339753645,0.28740260440566595
417,-0.26264907136257276,0.28654039659244895
418,-0.17821882316795862,0.2856807754026716
419,-0.15775948517239616,0.2848237330764636
420,-0.1572825989362775,0.2839692618772342
421,-0.207603925059227,0.2831173540916025
422,-0.22193741074400702,0.28226800202932767
423,-0.48401296108585334,0.28142119802323967
424,-0.1875356841568531,0.28057693442917
425,-0.1405514789805474,0.27973520362588244
426,-0.17264005523372,0.2788959980150048
427,-0.24326416663809303,0.2780593100209598
428,-0.21210940629666972,0.2772251320908969
429,-0.41481489270321464,0.2763934566946242
430,-0.9447767641804771,0.2755642763245403
431,-0.15731629744781944,0.27473758349556665
432,-0.23007225263955833,0.27391337074507993
433,-0.5171883697752654,0.2730916306328447
434,-0.12625412672951516,0.27227235574094616
435,-0.13352568336569032,0.2714555386737233
436,-0.15020795155939917,0.2706411720577021
437,-0.3043593669223794,0.269829248541529
438,-0.22118642496016083,0.2690197607959044
439,-0.2904852998710843,0.26821270151351667
440,-0.403409482714073,0.2674080634089761
441,-0.7659590662149571,0.2666058392187492
442,-0.249776404472709,0.26580602170109296
443,-0.21409485060654515,0.26500860363598966
444,-0.4399431627903275,0.2642135778250817
445,-0.1628587880655036,0.26342093709160647
446,-0.13714132973633314,0.26263067428033166
447,-0.15672736870547774,0.26184278225749064
448,-0.22124806724020138,0.26105725391071816
449,-0.17821174405342172,0.260274082148986
450,-0.3150635287937278,0.2594932599025391
451,-0.35196938672510547,0.25871478012283144
452,-0.31941745795051657,0.25793863578246295
453,-0.38115965877556235,0.2571648198751156
454,-0.1967019208797336,0.25639332541549026
455,-0.1857564575418715,0.2556241454392438
456,-0.5815209112444572,0.25485727300292604
457,-0.45005170415233664,0.25409270118391725
458,-0.3499965566349486,0.2533304230803655
459,-0.1551268111212305,0.25257043181112443
460,-0.39644578670880737,0.25181272051569104
461,-0.15864032032583017,0.251057282354144
462,-0.2326706469818959,0.25030411050708157
463,-0.21354063762204364,0.24955319817556032
464,-0.18754313453267996,0.24880453858103363
465,-0.17132258909908285,0.24805812496529053
466,-0.4433008060014714,0.24731395059039465
467,-0.5351780751082723,0.24657200873862348
468,-0.19892907440773164,0.2458322927124076
469,-0.240528286322923,0.24509479583427038
470,-0.4071016347923882,0.24435951144676757
471,-0.1945360681366478,0.24362643291242728
472,-0.19263702488719556,0.24289555361369
473,-0.1690183086137972,0.24216686695284892
474,-0.21878548470420078,0.24144036635199037
475,-0.2598335111540449,0.24071604525293439
476,-0.3370992008851442,0.2399938971171756
477,-0.20445811420634027,0.23927391542582405
478,-0.14293867408443212,0.23855609367954658
479,-0.4263602494873201,0.23784042539850794
480,-0.1696696748990783,0.2371269041223124
481,-0.18789816325555334,0.23641552340994548
482,-0.18258646739707945,0.23570627683971565
483,-0.319313514951478,0.2349991580091965
484,-0.3200156656332795,0.2342941605351689
485,-0.31740851594435165,0.23359127805356342
486,-0.330545064439722,0.23289050421940272
487,-0.20526712471442682,0.2321918327067445
488,-0.23034825346402854,0.23149525720862427
489,-0.16044852725246472,0.2308007714369984
490,-0.1424031301870482,0.2301083691226874
491,-0.32480546893346185,0.22941804401531934
492,-0.5252486390059793,0.2287297898832734
493,-0.25739120838954593,0.22804360051362357
494,-0.22313701327448227,0.2273594697120827
495,-0.14259037962037732,0.22667739130294645
496,-0.23078833283838823,0.22599735912903762
497,-0.27858343054138135,0.2253193670516505
498,-0.21127519884984083,0.22464340895049556
499,-1.0128633427762845,0.22396947872364406
500,-0.4729722551670778,0.22329757028747313
501,-0.15789818995551047,0.2226276775766107
502,-0.143871257046808,0.22195979454388087
503,-0.3771551215903176,0.22129391516024924
504,-0.2921810725876142,0.2206300334147685
505,-0.4361132758322115,0.2199681433145242
506,-0.15749061532979575,0.21930823888458062
507,-0.11634476967280033,0.21865031416792688
508,-0.1726539658526976,0.2179943632254231
509,-0.20915267157361847,0.21734038013574683
510,-0.10533320122117987,0.21668835899533959
511,-0.26329690354233,0.21603829391835358
512,-0.18065565728315455,0.21539017903659852
513,-0.20044168750884056,0.21474400849948871
514,-0.35903091381366364,0.21409977647399026
515,-0.3135039682643487,0.21345747714456828
516,-0.1655420469655978,0.21281710471313459
517,-0.3191191199845517,0.2121786533989952
518,-0.22856383148945733,0.2115421174387982
519,-0.36093996558620356,0.2109074910864818
520,-0.1750092028744216,0.21027476861322236
521,-0.23407657541037816,0.2096439443073827
522,-0.24981177201315866,0.20901501247446055
523,-0.20025149869745565,0.20838796743703716
524,-0.28983507249497215,0.20776280353472606
525,-0.3228284413817588,0.20713951512412188
526,-0.20040954946239972,0.2065180965787495
527,-0.13921549002343445,0.20589854228901325
528,-0.1482981179143866,0.20528084666214622
529,-0.3844338776038311,0.20466500412215977
530,-0.2291294724546386,0.2040510091097933
531,-0.20576059748045225,0.2034388560824639
532,-0.1768914774037632,0.2028285395142165
533,-0.12399979854198687,0.20222005389567385
534,-0.2020182540519962,0.20161339373398682
535,-0.23757611275133136,0.20100855355278485
536,-0.15478153741396614,0.20040552789212648
537,-0.6493028691889818,0.1998043113084501
538,-0.37861214981289354,0.19920489837452476
539,-0.450456376263318,0.1986072836794012
540,-0.2388713943626617,0.198011461828363
541,-0.16630228667373456,0.1974174274428779
542,-0.5933606047315797,0.19682517516054926
543,-0.4087295739102267,0.19623469963506762
544,-0.20753764729683066,0.1956459955361624
545,-0.20775499461627495,0.1950590575495539
546,-0.3131739870776914,0.19447388037690524
547,-0.1591996993113014,0.19389045873577454
548,-0.21908363061902203,0.19330878735956722
549,-0.16820651620107294,0.1927288609974885
550,-0.2725591500889404,0.19215067441449604
551,-0.17066250061143792,0.19157422239125255
552,-0.21233298206605783,0.1909994997240788
553,-0.1802793627704142,0.19042650122490654
554,-0.30399588553669443,0.18985522172123181
555,-0.17342328604047585,0.18928565605606812
556,-0.5480756815719657,0.1887177990878999
557,-0.16479728842788038,0.1881516456906362
558,-0.12147071696650341,0.18758719075356428
559,-0.14434705340952084,0.18702442918130358
560,-0.2349557360994768,0.18646335589375967
561,-0.21941344256528483,0.1859039658260784
562,-0.18410312578376384,0.18534625392860016
563,-0.15419004192519606,0.18479021516681435
564,-0.36803837881104984,0.1842358445213139
565,-0.3046450435751923,0.18368313698774996
566,-0.23596506424703884,0.1831320875767867
567,-0.1810873040381607,0.18258269131405633
568,-0.24415510662484713,0.18203494324011416
569,-0.27849042340058994,0.18148883841039382
570,-0.3652913946484918,0.18094437189516263
571,-0.2662649911976636,0.18040153877947715
572,-0.2135141968809145,0.1798603341631387
573,-0.18024868338443048,0.1793207531606493
574,-0.3761088705347002,0.17878279090116736
575,-0.21885773708559292,0.17824644252846386
576,-0.3300360828068486,0.17771170320087848
577,-0.35787898541842444,0.17717856809127586
578,-0.2042042607467102,0.17664703238700202
579,-0.1463653390259345,0.17611709128984102
580,-0.4908176735827641,0.1755887400159715
581,-0.17292956088704817,0.1750619737959236
582,-0.19084448387711445,0.1745367878745358
583,-0.1773469633777006,0.1740131775109122
584,-0.12404531650737516,0.17349113797837945
585,-0.36002756631966043,0.17297066456444432
586,-0.18544118486041544,0.172451752570751
587,-0.42101479807157366,0.17193439731303872
588,-0.1722048484950916,0.1714185941210996
589,-0.18891044618244596,0.1709043383387363
590,-0.18383290756593884,0.1703916253237201
591,-0.2407618419907996,0.16988045044774894
592,-0.17104725491417072,0.1693708090964057
593,-0.18456344500794838,0.1688626966691165
594,-0.24589647862571226,0.16835610857910915
595,-0.22919236399394355,0.16785104025337183
596,-0.2079625021161855,0.16734748713261172
597,-0.3906442087095048,0.16684544467121387
598,-0.27663569603266747,0.16634490833720023
599,-0.17577646659937193,0.16584587361218864
600,-0.3529220548943722,0.16534833599135207
601,-0.1988773466303773,0.164852290983378
602,-0.5372422677707062,0.16435773411042787
603,-0.2803298358446324,0.1638646609080966
604,-0.4047398485139802,0.1633730669253723
605,-0.27852292928486594,0.16288294772459616
606,-0.43967548061784767,0.16239429888142237
607,-0.22684996385390835,0.1619071159847781
608,-0.24923041568238943,0.16142139463682378
609,-0.19438015408772463,0.1609371304529133
610,-0.2376527988862513,0.16045431906155455
611,-0.22947859557469166,0.15997295610436987
612,-0.4167173896487001,0.15949303723605676
613,-0.24352237020047163,0.1590145581243486
614,-0.1575917074501661,0.15853751444997555
615,-0.21058198593679825,0.1580619019066256
616,-0.20689592331769038,0.15758771620090573
617,-0.25139514453594713,0.157114953052303
618,-0.20143251034861617,0.1566436081931461
619,-0.1844135223239149,0.15617367736856666
620,-0.1314878964145335,0.15570515633646095
621,-0.21163045398686406,0.15523804086745158
622,-0.24663318379474397,0.15477232674484923
623,-0.16224955760160656,0.15430800976461467
624,-0.5407671211455344,0.15384508573532082
625,-0.19806512477984575,0.15338355047811486
626,-0.30522715521683613,0.15292339982668052
627,-0.21435082318823126,0.15246462962720048
628,-0.16963275911627482,0.15200723573831887
629,-0.2199405226904117,0.15155121403110391
630,-0.5499824234814086,0.1510965603890106
631,-0.14201570669964583,0.15064327070784356
632,-0.17803832716139792,0.15019134089572003
633,-0.17908332691275505,0.14974076687303287
634,-0.4759261949866043,0.14929154457241375
635,-0.18184874154400305,0.14884366993869652
636,-0.5678110583191645,0.14839713892888043
637,-0.2090142617881215,0.14795194751209378
638,-0.1823289838253606,0.1475080916695575
639,-0.20152071235645985,0.14706556739454882
640,-0.15781142495703465,0.14662437069236517
641,-0.20771977314865667,0.14618449758028806
642,-0.5423479307191793,0.1457459440875472
643,-0.1797591067136221,0.14530870625528455
644,-0.4268350615595643,0.1448727801365187
645,-0.40511554511444314,0.14443816179610913
646,-0.13685604434726303,0.1440048473107208
647,-0.15930049441632393,0.14357283276878863
648,-0.16360710485157087,0.14314211427048226
649,-0.39516874746344893,0.1427126879276708
650,-0.2140345433064194,0.1422845498638878
651,-0.22463331818818694,0.14185769621429614
652,-0.181452615198947,0.14143212312565326
653,-0.17330806639214155,0.1410078267562763
654,-0.1845477154399528,0.14058480327600748
655,-0.1977093945588549,0.14016304886617945
656,-0.18346454367506704,0.1397425597195809
657,-0.16819409163988897,0.13932333204042216
658,-0.19790344018907693,0.1389053620443009
659,-0.16276593039516238,0.138488645958168
660,-0.1973140137275839,0.1380731800202935
661,-0.20573042353419732,0.13765896048023263
662,-0.16034102870676217,0.13724598359879192
663,-0.6879067898006535,0.13683424564799554
664,-0.2452904654148525,0.13642374291105155
665,-0.38203510939658425,0.1360144716823184
666,-0.18514587322402584,0.13560642826727143
667,-0.21624121881714706,0.1351996089824696
668,-0.1441675069690408,0.1347940101555222
669,-0.20300484844161365,0.13438962812505564
670,-0.18000845446617875,0.13398645924068048
671,-0.3441199988267313,0.13358449986295842
672,-0.13638525113497968,0.13318374636336955
673,-0.19825314999736265,0.13278419512427944
674,-0.30012239108432204,0.1323858425389066
675,-0.2466036183198715,0.13198868501128988
676,-0.29127399376013474,0.13159271895625602
677,-0.14438949166713452,0.13119794079938724
678,-0.2230511785865348,0.13080434697698906
679,-0.31481055771588184,0.1304119339360581
680,-0.17686269832516033,0.13002069813424993
681,-0.22824645000732052,0.12963063603984717
682,-0.1836430339356868,0.12924174413172762
683,-0.12725543948983362,0.12885401889933243
684,-0.17976547679258034,0.12846745684263444
685,-0.2595635882592287,0.12808205447210655
686,-0.39685948824855044,0.12769780830869024
687,-0.19950868187454582,0.12731471488376417
688,-0.44183972828186635,0.12693277073911288
689,-0.35002562872008913,0.12655197242689553
690,-0.16585655488582687,0.12617231650961486
691,-0.5093067756322543,0.12579379956008602
692,-0.38421544698162385,0.12541641816140575
693,-0.20442690426377558,0.12504016890692154
694,-0.22588959414633206,0.12466504840020078
695,-0.22869668109568328,0.12429105325500017
696,-0.34015607081179483,0.12391818009523517
697,-0.2511042774307318,0.12354642555494946
698,-0.3972378170701836,0.12317578627828461
699,-0.2397423842869844,0.12280625891944975
700,-0.42933930447018737,0.1224378401426914
701,-0.3583257560964644,0.12207052662226334
702,-0.3560603700725623,0.12170431504239655
703,-0.17444316972148205,0.12133920209726937
704,-0.18667274646363122,0.12097518449097756
705,-0.46100432353409093,0.12061225893750463
706,-0.24017129479255736,0.12025042216069212
707,-0.347017745073514,0.11988967089421004
708,-0.37047543241697517,0.11953000188152742
709,-0.15567887794509644,0.11917141187588283
710,-0.43389939205518385,0.11881389764025518
711,-0.19586854216193564,0.11845745594733442
712,-0.25610306099795455,0.11810208357949242
713,-0.22679617125339463,0.11774777732875394
714,-0.2901266959016065,0.11739453399676768
715,-0.2438416146059866,0.11704235039477738
716,-0.4688475690828612,0.11669122334359305
717,-0.2909631092987963,0.11634114967356228
718,-0.24866550744956234,0.1159921262245416
719,-0.2044492612981749,0.11564414984586797
720,-0.1484589875444858,0.11529721739633036
721,-0.3638426258992455,0.11495132574414137
722,-0.4834507990812684,0.11460647176690894
723,-0.2691059740448566,0.11426265235160821
724,-0.3159207268875895,0.11391986439455339
725,-0.31330892999057086,0.11357810480136972
726,-0.23067804137113596,0.11323737048696561
727,-0.17093263281146978,0.11289765837550471
728,-0.3340809383591383,0.1125589654003782
729,-0.3108306504092658,0.11222128850417706
730,-0.17774401230806322,0.11188462463866453
731,-0.3507356331388102,0.11154897076474853
732,-0.3595978233040806,0.11121432385245428
733,-0.17551219475128588,0.11088068088089692
734,-0.3744470546139431,0.11054803883825423
735,-0.244694509870397,0.11021639472173947
736,-0.1679922749089092,0.10988574553757426
737,-0.1958070184417898,0.10955608830096153
738,-0.23145343638001187,0.10922742003605865
739,-0.17894835809565895,0.10889973777595047
740,-0.18025681436703359,0.10857303856262261
741,-0.16230661328259374,0.10824731944693475
742,-0.26104906112227155,0.10792257748859395
743,-0.35927465844497086,0.10759880975612816
744,-0.21924880983813988,0.10727601332685978
745,-0.1943131745688674,0.1069541852868792
746,-0.20032058081681975,0.10663332273101855
747,-0.34457809564244607,0.1063134227628255
748,-0.24146324356694265,0.10599448249453702
749,-0.1900300720296697,0.10567649904705341
750,-0.17430299778901892,0.10535946954991225
751,-0.1666338866433014,0.10504339114126252
752,-0.5581934648048178,0.10472826096783873
753,-0.31646778271401155,0.10441407618493521
754,-0.1885090177700756,0.10410083395638041
755,-0.6116706329140803,0.10378853145451127
756,-0.1708808429012804,0.10347716586014773
757,-0.3671459881720455,0.10316673436256728
758,-0.25372753541374776,0.10285723415947957
759,-0.1417987800873407,0.10254866245700113
760,-0.16035366928580871,0.10224101646963013
761,-0.19937613679648572,0.10193429342022124
762,-0.37701316506540433,0.10162849053996058
763,-0.235638172152121,0.10132360506834069
764,-0.3821147524931063,0.10101963425313566
765,-0.18418024027554197,0.10071657535037626
766,-0.3148983582130276,0.10041442562432513
767,-0.29049114261625314,0.10011318234745216
768,-0.41389980631829926,0.0998128428004098
769,-0.1697302947953661,0.09951340427200858
770,-0.8243596751099146,0.09921486405919255
771,-0.1756454396039627,0.09891721946701497
772,-0.6083124993167902,0.09862046780861393
773,-0.23023820448949692,0.09832460640518809
774,-0.40157529117263696,0.09802963258597253
775,-0.4503561392260627,0.0977355436882146
776,-0.3408445852213199,0.09744233705714996
777,-0.13968841301577667,0.09715001004597851
778,-0.31855311308403395,0.09685856001584058
779,-0.15669225525749175,0.09656798433579306
780,-0.12545439141146086,0.09627828038278567
781,-0.45340734962281903,0.09598944554163731
782,-0.671457649939153,0.0957014772050124
783,-0.19913432182532448,0.09541437277339737
784,-0.5575896325003523,0.09512812965507718
785,-0.37152685355196025,0.09484274526611194
786,-0.1322676570661568,0.09455821703031361
787,-0.46494453883624803,0.09427454237922267
788,-0.2376171765286074,0.09399171875208501
789,-0.523251833702342,0.09370974359582875
790,-0.18511286694187795,0.09342861436504125
791,-0.21282254731352104,0.09314832852194613
792,-0.1690561530273366,0.09286888353638029
793,-0.20810017245559428,0.09259027688577115
794,-0.1954169108627195,0.09231250605511383
795,-0.18028426711382256,0.0920355685369485
796,-0.38087075368422973,0.09175946183133765
797,-0.2377666309654274,0.09148418344584364
798,-0.5105502885372796,0.0912097308955061
799,-0.1708550556792434,0.09093610170281959
800,-0.2211704212136585,0.09066329339771112
801,-0.1877685629305985,0.09039130351751799
802,-0.2613179119101427,0.09012012960696544
803,-0.47247746337961805,0.08984976921814454
804,-0.16950933940466473,0.0895802199104901
805,-0.2059730899829192,0.08931147925075864
806,-0.19123754686698877,0.08904354481300636
807,-0.1537763561131726,0.08877641417856734
808,-0.4021550009562748,0.08851008493603164
809,-0.187514646864153,0.08824455468122355
810,-0.20264270140572943,0.08797982101717988
811,-0.8684950622509549,0.08771588155412834
812,-0.4501659785063608,0.08745273390946595
813,-0.6716267887994303,0.08719037570773755
814,-0.6732350357362162,0.08692880458061433
815,-0.16635420694442954,0.08666801816687249
816,-0.29602069165854555,0.08640801411237187
817,-0.21310294596000212,0.08614879007003474
818,-0.6039938604072334,0.08589034369982464
819,-0.424053171481329,0.08563267266872517
820,-0.39975350234130513,0.085375774650719
821,-0.4883193544325662,0.08511964732676684
822,-0.4747293932001675,0.08486428838478655
823,-0.43022914876942653,0.08460969551963218
824,-0.15021095191068867,0.08435586643307329
825,-0.4785650588941288,0.08410279883377407
826,-0.4771381422353625,0.08385049043727275
827,-0.5317580742579993,0.08359893896596093
828,-0.5403999965652193,0.08334814214906305
829,-0.21813106240412602,0.08309809772261587
830,-0.1633337121683589,0.08284880342944802
831,-0.2433644822426034,0.08260025701915967
832,-0.16392245337964728,0.0823524562481022
833,-0.1322019963208609,0.08210539887935789
834,-0.1778116913051031,0.08185908268271981
835,-0.14646936708617808,0.08161350543467165
836,-0.20587204020144403,0.08136866491836764
837,-0.19718446379669965,0.08112455892361253
838,-0.1567981990969191,0.0808811852468417
839,-0.19827664580139454,0.08063854169110117
840,-0.19489163033237178,0.08039662606602786
841,-0.24380098226559718,0.08015543618782978
842,-0.1876446390561987,0.07991496987926629
843,-0.19767760070351298,0.07967522496962849
844,-0.17896026199544215,0.07943619929471961
845,-0.5027436346795094,0.07919789069683544
846,-0.13717896136044325,0.07896029702474494
847,-0.3603258323746355,0.0787234161336707
848,-0.13003090951027924,0.07848724588526969
849,-0.17275525886093956,0.07825178414761388
850,-0.3617793437948234,0.07801702879517104
851,-0.23847610863134866,0.07778297770878553
852,-0.3026834607183383,0.07754962877565917
853,-0.1898768820379393,0.0773169798893322
854,-0.2141388505942859,0.07708502894966421
855,-0.18230884875257114,0.07685377386281522
856,-0.16380183208233043,0.07662321254122678
857,-0.23057966082357184,0.0763933429036031
858,-0.20489738164222288,0.07616416287489229
859,-0.14466851640402134,0.07593567038626761
860,-0.1924744100065002,0.0757078633751088
861,-0.420994097046825,0.07548073978498347
862,-0.4213330661242014,0.07525429756562853
863,-0.687886368559867,0.07502853467293165
864,-0.16493561379198635,0.07480344906891286
865,-0.20976091793881482,0.07457903872170611
866,-0.15853910594771173,0.07435530160554099
867,-0.1734989320231786,0.07413223570072437
868,-0.15665547648529332,0.0739098389936222
869,-0.20298337788526283,0.07368810947664134
870,-0.1527998876450545,0.07346704514821141
871,-0.15822096712575529,0.07324664401276677
872,-0.20436735403702525,0.07302690408072847
873,-0.18314924320408021,0.07280782336848628
874,-0.28016294133781927,0.07258939989838081
875,-0.238904346653305,0.07237163169868567
876,-0.18034092231268492,0.07215451680358961
877,-0.1772004058369664,0.07193805325317884
878,-0.5583932046208826,0.07172223909341931
879,-0.5722613410270924,0.07150707237613906
880,-0.22630216365259861,0.07129255115901063
881,-0.4764323659457939,0.0710786735055336
882,-0.22448631043705877,0.07086543748501699
883,-0.2443069208540811,0.07065284117256193
884,-0.5025500818601305,0.07044088264904425
885,-0.1991730950566975,0.07022956000109712
886,-0.15823049126041988,0.07001887132109383
887,-0.19237920758149535,0.06980881470713055
888,-0.22065529684943114,0.06959938826300915
889,-0.15649392275635018,0.06939059009822013
890,-0.14660220576463356,0.06918241832792547
891,-0.25053888873266644,0.0689748710729417
892,-0.1820531674697663,0.06876794645972288
893,-0.22453570961358787,0.06856164262034371
894,-0.14531117036618096,0.06835595769248268
895,-0.15571023888088428,0.06815088981940523
896,-0.14526266529279097,0.06794643714994701
897,-0.23183506268022294,0.06774259783849718
898,-0.2967103464491237,0.06753937004498169
899,-0.3590384100891781,0.06733675193484674
900,-0.48342425640402825,0.0671347416790422
901,-0.16061526803761828,0.06693333745400507
902,-0.1815640050006423,0.06673253744164305
903,-0.21355931399637218,0.06653233982931812
904,-0.3968128878147391,0.06633274280983018
905,-0.16034704490017507,0.06613374458140069
906,-0.4036089354110375,0.06593534334765648
907,-0.20150188457748588,0.06573753731761352
908,-0.2552784166727239,0.06554032470566068
909,-0.1895092407279986,0.0653437037315437
910,-0.1846745812963122,0.06514767262034907
911,-0.14836005915403697,0.06495222960248802
912,-0.5183981885087017,0.06475737291368056
913,-0.24415269909014073,0.06456310079493952
914,-0.14519947412198375,0.06436941149255469
915,-0.15340336059501172,0.06417630325807702
916,-0.23256838996037543,0.0639837743483028
917,-0.3422251377600176,0.06379182302525789
918,-0.12653455017012244,0.06360044755618212
919,-0.2107903663205791,0.06340964621351357
920,-0.7731719537408922,0.06321941727487303
921,-0.12426230233237144,0.0630297590230484
922,-0.3103607037306082,0.06284066974597925
923,-0.19343843804370695,0.06265214773674131
924,-0.1584497824181167,0.06246419129353109
925,-0.20994397397958842,0.0622767987196505
926,-0.19696272010941038,0.06208996832349155
927,-0.2097567575560376,0.06190369841852107
928,-0.13475691834189324,0.06171798732326551
929,-0.1417451322407548,0.06153283336129571
930,-0.15671048281687894,0.061348234861211826
931,-0.17945310281280344,0.06116419015662819
932,-0.41683937526738607,0.0609806975861583
933,-0.18674027426415654,0.06079775549339983
934,-0.24399032298933185,0.06061536222691963
935,-0.21817879614256333,0.06043351614023887
936,-0.17593568861280942,0.060252215591818155
937,-0.3204769320715912,0.0600714589450427
938,-0.4172094144679228,0.05989124456820757
939,-0.3668522613819349,0.059711570834502944
940,-0.5858715327576998,0.05953243612199943
941,-0.16457347175652948,0.05935383881363344
942,-0.24982728192551257,0.05917577729719254
943,-0.38506258952893524,0.05899824996530096
944,-0.24633939428477403,0.05882125521540506
945,-0.5339964766629339,0.05864479144975884
946,-0.24760524167265918,0.05846885707540957
947,-0.18399910608799844,0.05829345050418334
948,-0.22620573451056808,0.05811857015267079
949,-0.3252645796492417,0.057944214442212774
950,-0.16987389045864743,0.05777038179888613
951,-0.15786163439601322,0.05759707065348948
952,-0.2061313864356275,0.05742427944152901
953,-0.18813210520475035,0.057252006603204425
954,-0.1703294735961447,0.05708025058339481
955,-0.18855371251361752,0.056909009831644625
956,-0.18649791986461747,0.05673828280214969
957,-0.2312440699116882,0.05656806795374324
958,-0.12592489255445266,0.056398363749882004
959,-0.1581852524484547,0.05622916865863236
960,-0.16938723529457606,0.056060481152656466
961,-0.28157987429752535,0.0558922997091985
962,-0.4046363071838375,0.0557246228100709
963,-0.1821415034661387,0.055557448941640684
964,-0.1526124784865976,0.05539077659481576
965,-0.3656064188726029,0.05522460426503131
966,-0.15611776871021643,0.05505893045223622
967,-0.21167263893027818,0.054893753660879514
968,-0.15734842306137087,0.054729072399896876
969,-0.13238201955264983,0.054564885182697184
970,-0.29080825984837366,0.05440119052714909
971,-0.23409265336712526,0.05423798695556764
972,-0.160788078547156,0.05407527299470094
973,-0.16299660690929627,0.053913047175716836
974,-0.3001637030929679,0.05375130803418968
975,-0.3422433482710312,0.05359005411008711
976,-0.24934536694100626,0.053429283947756846
977,-0.11045803714518643,0.053268996095913575
978,-0.1730254514812484,0.05310918910762583
979,-0.17310885018654498,0.052949861540302956
980,-0.18392441485694985,0.052791011955682046
981,-0.33184914079433936,0.052632638919815
982,-0.16454402518343592,0.052474741003055554
983,-0.2953686395517466,0.052317316780046384
984,-0.184038046706492,0.05216036482970624
985,-0.16264165808349274,0.052003883735217124
986,-0.1592589102410886,0.051847872084011475
987,-0.19080385276158887,0.05169232846775944
988,-0.19274418373774058,0.05153725148235616
989,-0.18008551596427852,0.051382639727909095
990,-0.2415068596530554,0.051228491808725365
991,-0.19596932392464742,0.05107480633329919
992,-0.1779101017223811,0.05092158191429929
993,-0.1676484121177137,0.05076881716855639
994,-0.22324642487261975,0.05061651071705072
995,-0.1644947192183651,0.05046466118489957
996,-0.17544829019968614,0.05031326720134487
997,-0.29064837882323225,0.05016232739974084
998,-0.28392197962851234,0.050011840417541614
999,-0.17772017344742677,0.05
1000,-0.185829865424066,0.05
1001,-0.16931765229809256,0.05
1002,-0.21663519834919087,0.05
1003,-0.21168059611723103,0.05
1004,-0.12453993425032296,0.05
1005,-0.18537211126297207,0.05
1006,-0.21358502666974838,0.05
1007,-0.22988652604457593,0.05
1008,-0.15594128329985565,0.05
1009,-0.1917201082196877,0.05
1010,-0.15829334668447437,0.05
1011,-0.16038739157199386,0.05
1012,-0.15739704400690335,0.05
1013,-0.1807583647831981,0.05
1014,-0.21820199576197474,0.05
1015,-0.24114776982960112,0.05
1016,-0.141999676765169,0.05
1017,-0.16919697462264524,0.05
1018,-0.13152141743803392,0.05
1019,-0.2351928634144228,0.05
1020,-0.1693687897619573,0.05
1021,-0.13043294225219254,0.05
1022,-0.2700642276170774,0.05
1023,-0.19446732446313383,0.05
1024,-0.1876627636779339,0.05
1025,-0.22112427944445273,0.05
1026,-0.16963851220298237,0.05
1027,-0.23096372876299495,0.05
1028,-0.23904718776607364,0.05
1029,-0.21351581624580246,0.05
1030,-0.20617402554370043,0.05
1031,-0.1679974686059662,0.05
1032,-0.19965265872152207,0.05
1033,-0.2653119904646993,0.05
1034,-0.1779788762863076,0.05
1035,-0.2165101774684944,0.05
1036,-0.19310740007768262,0.05
1037,-0.22341413462762238,0.05
1038,-0.1370363835559972,0.05
1039,-0.237984624385781,0.05
1040,-0.22900233244289903,0.05
1041,-0.2152616956515877,0.05
1042,-0.24514936728841974,0.05
1043,-0.39401115166443745,0.05
1044,-0.2948151801151337,0.05
1045,-0.17696930896930324,0.05
1046,-0.2455223084767782,0.05
1047,-0.19952827920470442,0.05
1048,-0.15240047407190493,0.05
1049,-0.15436547958045804,0.05
1050,-0.2078737741473568,0.05
1051,-0.26237985869103386,0.05
1052,-0.20231944390550083,0.05
1053,-0.21126008148637715,0.05
1054,-0.2956215875870322,0.05
1055,-0.19364534530818048,0.05
1056,-0.1563944406101584,0.05
1057,-0.1846092641323105,0.05
1058,-0.18485711606786123,0.05
1059,-0.23239362493280497,0.05
1060,-0.24212938402226608,0.05
1061,-0.3542030411460078,0.05
1062,-0.3025862991432951,0.05
1063,-0.6162846233437627,0.05
1064,-0.3994367030888055,0.05
1065,-0.16510817097170105,0.05
1066,-0.47941901833943884,0.05
1067,-0.46537237793344993,0.05
1068,-0.28018047870102025,0.05
1069,-0.46266722630759444,0.05
1070,-0.36773967463991064,0.05
1071,-0.22691692239657962,0.05
1072,-0.42125110778383257,0.05
1073,-0.4115026524549431,0.05
1074,-0.32613772852931594,0.05
1075,-0.5829766728435986,0.05
1076,-0.3066774425828035,0.05
1077,-0.3889411891263035,0.05
1078,-0.2503055364330308,0.05
1079,-0.3510276408598701,0.05
1080,-0.44138113877918694,0.05
1081,-0.30337652559002515,0.05
1082,-0.2393995016142606,0.05
1083,-0.49594295629428403,0.05
1084,-0.16622298911620115,0.05
1085,-0.26296382316356703,0.05
1086,-0.2925003899682068,0.05
1087,-0.2819846644312463,0.05
1088,-0.3721614046342727,0.05
1089,-0.37426921490298687,0.05
1090,-0.2656525946142661,0.05
1091,-0.22010109627521493,0.05
1092,-0.3299967991333851,0.05
1093,-0.12087981132056615,0.05
1094,-0.14432113233798466,0.05
1095,-0.2111337010629752,0.05
1096,-0.16856588664613892,0.05
1097,-0.2619323562154006,0.05
1098,-0.31999390844025805,0.05
1099,-0.4133366023258275,0.05
1100,-0.12574373147977871,0.05
1101,-0.6371898925279659,0.05
1102,-0.22766868805754303,0.05
1103,-0.38852557773917995,0.05
1104,-0.2532873368112655,0.05
1105,-0.4050919788681048,0.05
1106,-0.41369307785608384,0.05
1107,-0.1845270737760489,0.05
1108,-0.29467269026301207,0.05
1109,-0.2599502923390749,0.05
1110,-0.16983560707694687,0.05
1111,-0.31954538163344615,0.05
1112,-0.2870166646741256,0.05
1113,-0.4670619444987207,0.05
1114,-0.1889692902495694,0.05
1115,-0.17907028804024144,0.05
1116,-0.2450577167860301,0.05
1117,-0.18063317697409986,0.05
1118,-0.19197718602440475,0.05
1119,-0.21052581584999863,0.05
1120,-0.29842271444257495,0.05
1121,-0.1760642536115608,0.05
1122,-0.32288242253241356,0.05
1123,-0.14385007498949293,0.05
1124,-0.2872584928602047,0.05
1125,-0.2015892884327659,0.05
1126,-0.22732898950327216,0.05
1127,-0.2181660316993582,0.05
1128,-0.20804109385089647,0.05
1129,-0.2120856886522256,0.05
1130,-0.27257561483494647,0.05
1131,-0.22819645931518479,0.05
1132,-0.2536900932494942,0.05
1133,-0.14895217090138488,0.05
1134,-0.26600608125991654,0.05
1135,-0.2955127497922304,0.05
1136,-0.2878726990787948,0.05
1137,-0.29297613753600504,0.05
1138,-0.2502827412923242,0.05
1139,-0.25124752323277677,0.05
1140,-0.19187088679649278,0.05
1141,-0.1336758817663892,0.05
1142,-0.23779640557286721,0.05
1143,-0.16473131274929734,0.05
1144,-0.6843793916111947,0.05
1145,-0.2975795907184432,0.05
1146,-0.20164815018237817,0.05
1147,-0.15679233906471837,0.05
1148,-0.22886964933836593,0.05
1149,-0.2148820184217914,0.05
1150,-0.2830057818406092,0.05
1151,-0.350844662050644,0.05
1152,-0.20059517212561484,0.05
1153,-0.2325643304880695,0.05
1154,-0.17194258266369464,0.05
1155,-0.25249099315818424,0.05
1156,-0.1937736834919678,0.05
1157,-0.3565840955803347,0.05
1158,-0.32687585063818914,0.05
1159,-0.3756404445511626,0.05
1160,-0.15057174796317083,0.05
1161,-0.1733773906965631,0.05
1162,-0.21149359975013157,0.05
1163,-0.37072568711079135,0.05
1164,-0.29771506893945315,0.05
1165,-0.21141115621250167,0.05
1166,-0.39140204616569163,0.05
1167,-0.140389162601192,0.05
1168,-0.15549828081237,0.05
1169,-0.2318403847365763,0.05
1170,-0.1741202438520607,0.05
1171,-0.31332053633360435,0.05
1172,-0.16402083242570395,0.05
1173,-0.190056517265462,0.05
1174,-0.15540923938561757,0.05
1175,-0.21143766338152084,0.05
1176,-0.4123982142792683,0.05
1177,-0.18788652273570003,0.05
1178,-0.29415460267157345,0.05
1179,-0.19252838084254745,0.05
1180,-0.14383508056163927,0.05
1181,-0.19305002295425197,0.05
1182,-0.17699135324524679,0.05
1183,-0.15545012100424785,0.05
1184,-0.2099085798546812,0.05
1185,-0.49778725262239815,0.05
1186,-0.155259543817996,0.05
1187,-0.16685052685357932,0.05
1188,-0.16069632017734153,0.05
1189,-0.32998508091541096,0.05
1190,-0.16523981142290423,0.05
1191,-0.217007367901235,0.05
1192,-0.24232142436404203,0.05
1193,-0.44569229004790595,0.05
1194,-0.21944567121391362,0.05
1195,-0.1828887431048845,0.05
1196,-0.21569724873585275,0.05
1197,-0.17873944552213214,0.05
1198,-0.13466361144362704,0.05
1199,-0.19325196629257438,0.05
1200,-0.1416572336690368,0.05
