day,S,E,I,R,child_I,adult_I,action,hospital_proxy
0,48952.0,34.0,14.0,0.0,4.2,9.8,0,0.7000000000000001
1,48945.54455201616,33.717538100240006,19.079256643941587,1.658653239665368,5.705605783876,13.373650860065588,0,0.9539628321970794
2,48937.19376613282,35.202035530096694,23.800124329511743,3.8040740075884165,7.06600129567181,16.734123033839932,0,1.1900062164755871
3,48927.017943271225,38.07141544075235,28.492797864721958,6.41784342331794,8.378525632840685,20.114272231881273,0,1.424639893236098
4,48914.97725859103,42.11216207446182,33.40070808694457,9.509871247573857,9.714230827674728,23.68647725926984,0,1.6700354043472285
5,48900.948387943106,47.2248364325171,38.71520260383669,13.111573020555802,11.127782377705971,27.587420226130718,0,1.9357601301918343
6,48884.7400700358,53.38942798332788,44.598610190371005,17.27189179051977,12.664107215311056,31.934502975059953,0,2.2299305095185504
7,48866.10127324289,60.643645863266485,51.1998548549713,22.055226038891796,14.362923123153285,36.83693173181801,0,2.559992742748565
8,48844.72431837968,69.06968880313782,58.665328906235516,27.540663910963726,16.26189554747815,42.40343335875736,0,2.933266445311776
9,48820.24445232575,78.78661229580808,67.14679115610517,33.82214422235414,18.398913845048774,48.74787731105639,0,3.3573395578052585
10,48792.23681038845,89.9464350575605,76.80744596145621,41.009308592550404,20.8138128294693,55.993633131986904,0,3.8403722980728108
11,48760.21134290182,102.73278973723701,87.82696391014551,49.22890345081409,23.549756727988843,64.27720718215667,0,4.391348195507276
12,48723.60604592241,117.36135148474384,100.40594954864258,58.62665304422471,26.654431478927144,73.75151806971544,0,5.02029747743213
13,48681.77868336772,134.08155413446445,114.77019624272803,69.36956625510717,30.181144698037617,84.58905154469042,0,5.738509812136402
14,48633.99709068917,153.17928009098028,131.17496092517555,81.64866829468697,34.18990209198987,96.98505883318568,0,6.558748046258778
15,48579.428090700196,174.98032033307115,149.90942111224012,95.68216785450092,38.748508982505925,111.16091212973419,0,7.495471055612007
16,48517.12501990382,199.85446675337772,171.3014293189095,111.7190840238967,43.9337322021693,127.3676971167402,0,8.565071465945476
17,48446.01385266131,228.22013370532392,195.72264659429183,130.04336703908038,49.832548434033775,145.89009816025805,0,9.786132329714592
18,48364.87791815625,260.54941714946557,223.59411093206523,150.97855376223282,56.5434983784091,167.05061255365612,0,11.179705546603262
19,48272.34123107098,297.3734925813267,255.39227314836765,174.89300319933375,64.17816072183422,191.21411242653343,0,12.769613657418383
20,48166.85050279998,339.2882289061298,291.6555088478607,202.20575944604445,72.8627548345317,218.79275401332896,0,14.582775442393036
21,48046.65596900959,386.9598547886254,332.9910872373022,233.39308896449637,82.73987568015505,250.25121155714717,0,16.64955436186511
22,47909.791265869855,441.1304557065538,380.0825429170003,268.99573550659517,93.97035790905929,286.112185007941,0,19.004127145850017
23,47754.05271691202,502.6230021015034,433.6973524954689,309.62692849101586,106.73525786230749,326.9620946331614,0,21.684867624773446
24,47576.97856166566,572.3455093267477,494.69476091140587,355.981168096193,121.237931550377,373.4568293610289,0,24.734738045570296
25,47375.828872940154,651.2938062089247,564.0335295261772,408.84379132474396,137.70617284980577,426.32735667637144,0,28.20167647630886
26,47147.56717859539,740.5522392364683,642.7792860919072,469.1012960762392,156.39435838812858,486.38492770377866,0,32.13896430459536
27,46888.845131432754,841.2914633731539,732.1110424334809,537.7523627606187,177.58552302710075,554.5255194063801,0,36.605552121674044
28,46595.991960150845,954.7622706119082,833.326306414999,615.9194628222556,201.59326167550205,631.7330447394969,0,41.66631532074995
29,46265.01088276117,1082.284190223179,947.8440488837854,704.8608781318719,228.76331862411223,719.0807302596731,0,47.39220244418927
30,45891.58516078661,1225.2273731621608,1077.2045941743713,805.9828718768572,259.47468418301037,817.729909991361,0,53.86022970871857
31,45471.09699492273,1384.986069175465,1223.0652880371995,920.8516478646121,294.13997003813256,928.9253179990669,0,61.15326440185998
32,44998.66297019327,1562.9418525591636,1387.1905680815814,1051.2046091659959,333.2047800852917,1053.9857879962897,0,69.35952840407907
33,44469.190187592336,1760.4146997985758,1571.4348345384792,1198.9602780706164,377.1457343284286,1194.2891002100505,0,78.57174172692396
34,43877.45747812238,1978.6001348942218,1777.7163182741217,1366.2260687092794,426.46674315171276,1351.249575122409,0,88.8858159137061
35,43218.22606046069,2218.4910185572644,2007.9800051930742,1555.302915788973,481.6930735010895,1526.2869316919848,0,100.39900025965372
36,42486.38352014049,2480.7832617183694,2264.1476517543306,1768.6855663868123,543.3627056512316,1720.7849461030987,0,113.20738258771654
37,41677.12387709916,2765.765892107582,2548.053079687699,2009.0571511055546,612.0144610105674,1936.038618677132,0,127.40265398438497
38,40786.16458549298,3073.197581383036,2861.3613455042414,2279.2764876197384,688.1724030873336,2173.188942416908,0,143.0680672752121
39,39809.99841909704,3402.1739936213025,3205.471124035749,2582.3564632459083,772.3260937565822,2433.145030279167,0,160.27355620178747
40,38746.17426131186,3750.9931070611055,3581.400800464959,2921.431831162072,864.9064457174504,2716.4943547475086,0,179.07004002324797
41,37593.59591119229,4117.028825750019,3989.660381819758,3299.7148812379314,966.2571692496424,3023.403212570116,0,199.4830190909879
42,36352.82242710287,4496.626400726659,4430.113414477824,3720.4377576926536,1076.6021819424368,3353.5112325353875,0,221.50567072389123
43,35026.347832856765,4885.03588862751,4901.835544060776,4186.78073445495,1196.0098380769402,3705.825705983835,0,245.0917772030388
44,33618.83309141258,5276.401373160774,5402.978981635835,4701.786553790807,1324.3554259445978,4078.623555691237,0,270.1489490817918
45,32137.26025170104,5663.823141896726,5930.654619348017,5268.261987054223,1461.2840375552491,4469.3705817927685,0,296.5327309674009
46,30590.978844100362,6039.506683319293,6480.845420644947,5888.669051935398,1606.1765665235935,4874.668854121353,0,324.04227103224736
47,28991.619026932312,6395.005772976579,7048.3654675037715,6565.009732587337,1758.1221363444872,5290.243331159284,0,352.4182733751886
48,27352.85524490378,6721.5571349603015,7626.878161570724,7298.709458565194,1915.90057963996,5710.977581930764,0,381.34390807853623
49,25690.017961191646,7010.492051123811,8208.98416712585,8090.505820558694,2077.9785506962685,6131.00561642958,0,410.4492083562925
50,24019.567988556315,7253.697535183148,8786.384651088136,8940.349825172401,2242.5223518735493,6543.8622992145865,0,439.3192325544068
51,22358.46563687631,7444.088629043405,9350.118517656716,9847.327216423568,2407.429536897402,6942.688980759313,0,467.5059258828358
52,20723.482200400205,7576.0465355157685,9890.864394879907,10809.606869204119,2570.379852872438,7320.484542007469,0,494.5432197439954
53,19130.511117310027,7645.776723625453,10399.290224297009,11824.42193476751,2728.904231926111,7670.385992370898,0,519.9645112148504
54,17593.938161987735,7651.547746693165,10866.42673299471,12888.08735832439,2880.468572256084,7985.958160738627,0,543.3213366497356
55,16126.123509680827,7593.784666031377,11284.037034502282,13996.054789785518,3022.56724912797,8261.469785374311,0,564.2018517251141
56,14737.034495765678,7475.008506950171,11644.95392767644,15143.003069607716,3152.8199674631555,8492.133960213285,0,582.247696383822
57,13434.04902029375,7299.631879586477,11943.359355699848,16322.95974441993,3269.06494775504,8674.294407944808,0,597.1679677849924
58,12221.929362466792,7073.637347676304,12174.986498449776,17529.446791407132,3369.441648121393,8805.544850328384,0,608.7493249224889
59,11102.948184778474,6804.176553526298,12337.233090305263,18755.64217138997,3452.457242234041,8884.775848071222,0,616.8616545152631
60,10077.135382130426,6499.133025616544,12429.183458147665,19994.548134105367,3517.032729394711,8912.150728752955,0,621.4591729073833
61,9142.607478623193,6166.690019411959,12451.545126089117,21239.157375875737,3562.526581676982,8889.018544412134,0,622.5772563044559
62,8295.940403751942,5814.937950554017,12406.512557989845,22482.6090877042,3588.7359262485,8817.776631741344,0,620.3256278994922
63,7532.55051371072,5451.545997352306,12297.575057186497,23718.32843175048,3595.877134910712,8701.697922275785,0,614.8787528593249
64,6847.055907381708,5083.511450108859,12129.287836698984,24940.144805810454,3584.549137285323,8544.738699413661,0,606.4643918349492
65,6233.598596871587,4716.990203062667,11907.025038263037,26142.386161802722,3555.683677863316,8351.34136039972,0,595.3512519131518
66,5686.116412719464,4357.2036402534,11636.731511341495,27319.94843568565,3510.487088536383,8126.244422805113,0,581.8365755670748
67,5198.560632853591,4008.411607700234,11324.687079593046,28468.34067985314,3450.3780151483074,7874.309064444738,0,566.2343539796524
68,4765.060714981199,3673.938174559919,10977.293426467812,29583.70768399108,3376.9250366324386,7600.368389835372,0,548.8646713233906
69,4380.041099094707,3356.2360715784866,10600.8901276408,30662.832701686013,3291.7873847116784,7309.102742929122,0,530.04450638204
70,4038.297026600956,3056.976480669081,10201.603106489136,31703.12338624084,3196.661140488684,7004.941966000451,0,510.0801553244568
71,3735.0370352829295,2777.152635376522,9785.226102129041,32702.58422721152,3093.2324578724647,6691.993644256577,0,489.2613051064521
72,3465.8996104688063,2517.1879566722373,9357.13370208179,33659.77873077718,2983.1386182760893,6373.995083805701,0,467.85668510408954
73,3226.9507441784976,2277.0417962745705,8922.223092333883,34573.78436721306,2867.9371010139907,6054.285991319893,0,446.1111546166942
74,3014.668149274853,2056.3080285971782,8484.880844100553,35444.142978027434,2749.082377424851,5735.798466675702,0,424.24404220502765
75,2825.9167915772887,1854.3035776697348,8048.970685442238,36270.80894531075,2627.9098021430505,5421.060883299188,0,402.44853427211194
76,2657.919366289333,1670.1454316675233,7617.838184893086,37054.097017150074,2505.625767375594,5112.212417517491,0,380.8919092446543
77,2508.22442669897,1502.8157903239867,7194.32849775851,37794.63128521855,2383.303183868663,4811.025313889847,0,359.71642488792554
78,2374.674103190961,1351.215750288006,6780.813702897831,38493.29644362322,2261.8813316122028,4518.932371285628,0,339.04068514489154
79,2255.3727328927507,1214.2084176889916,6379.226716053987,39151.19213336428,2142.169161335414,4237.057554718573,0,318.96133580269935
80,2148.6572430025503,1090.652606564866,5991.099250857397,39769.5908995752,2024.8512044106628,3966.2480464467344,0,299.5549625428699
81,2053.069774708427,979.4283928994952,5617.601772654439,40349.90005973766,1910.4953474854194,3707.106425169019,0,280.88008863272194
82,1967.3327779503857,879.4557951315169,5259.58382903656,40893.627597881554,1799.561836372682,3460.0219926638783,0,262.979191451828
83,1890.326629220298,789.7077819713656,4917.613530710339,41402.35205809802,1692.412982320804,3225.2005483895346,0,245.88067653551695
84,1821.0697066300177,709.2186968242322,4592.015291276488,41877.69630526929,1589.323146608844,3002.6921446676442,0,229.6007645638244
85,1758.7007831048434,637.0890565915556,4282.905214094411,42321.30494620921,1490.4886727222715,2792.41654137214,0,214.14526070472058
86,1702.463557323524,572.4875459784906,3990.223741690898,42734.82515500711,1396.0375172246058,2594.186224466292,0,199.5111870845449
87,1651.6931232478746,514.6508963316143,3713.76536313845,43119.89061728208,1306.0384002337023,2407.726962904748,0,185.6882681569225
88,1605.8041754507751,462.8822162432293,3453.205313458331,43478.10829484768,1220.5093544087792,2232.695959049552,0,172.66026567291658
89,1564.2807535735062,416.5482326731475,3208.1233026183972,43811.04771113496,1139.425598388574,2068.6977042298236,0,160.40616513091987
90,1526.6673412502987,375.0758072335682,2978.0243860981773,44120.23246541797,1062.7266978379748,1915.2976882602024,0,148.90121930490886
91,1492.5611500175846,337.94801239387107,2762.3571397903247,44407.13369779823,990.3230059409591,1772.0341338493656,0,138.11785698951624
92,1461.6054352319616,304.69998577456226,2560.529334070888,44673.165244922595,922.1013966166676,1638.4279374542207,0,128.0264667035444
93,1433.483707641813,274.914726093066,2371.9213193916157,44919.68024687352,857.9303191643811,1513.9910002272345,0,118.59606596958079
94,1407.9147202336208,248.21895020913797,2195.8973422471263,45147.96898731013,797.664213584779,1398.233128662347,0,109.79486711235631
95,1384.6481248636578,224.27909558891537,2031.815008747559,45359.25777079988,741.1473324709227,1290.6676762766363,0,101.59075043737795
96,1363.460706764592,202.7975249357945,1879.0331056265347,45554.708662673096,688.2170189672436,1190.8160866592912,0,93.95165528132674
97,1344.1531172045552,183.5089684241658,1736.9179771952815,45735.41993717601,638.7064915789326,1098.211485616349,0,86.84589885976408
98,1326.5470353860214,166.1772227715913,1604.8486429672162,45902.42709887518,592.4471861739521,1012.4014567932642,0,80.24243214836082
99,1310.4827001720269,150.5921143068087,1482.2208255325809,46056.704359988595,549.2707038406919,932.950121691889,0,74.11104127662905
100,1295.8167605177864,136.56672439688342,1368.4500425903643,46199.16647249498,509.01041073439546,859.4396318559687,0,68.42250212951822
101,1282.4204006809846,123.93486938778199,1262.9739014502165,46330.67082848103,471.50273297042304,791.4711684797935,0,63.14869507251083
102,1270.1777025020544,112.54882301302237,1165.2537192274574,46452.01975525747,436.5881862383237,728.6655329891337,0,58.262685961372874
103,1258.98421240147,102.27726656653948,1074.775577657103,46563.96294337489,404.11217629636747,670.6634013607354,0,53.73877888285515
104,1248.745685342396,93.00345064150996,991.0509081281934,46667.19995588791,373.92560299387424,617.1253051343192,0,49.55254540640968
105,1239.3769819525673,84.62355160629792,913.616690286442,46762.38277615471,345.8852970532162,567.7313932332257,0,45.6808345143221
106,1230.8010983777613,77.04520598509913,842.0353364099687,46850.118359227185,319.8543155900539,522.1810208199149,0,42.10176682049844
107,1222.9483113292854,70.18620634948022,775.8943237247312,46930.97115859651,295.7021193014634,480.19220442326775,0,38.79471618623656
108,1215.75542325864,63.97334306522771,714.805627857785,47005.465605818354,273.30465143171176,441.50097642607324,0,35.74028139288925
109,1209.1650947040148,58.341377168032864,658.4050026719767,47074.08852545598,252.54433604583008,405.86066662614667,0,32.920250133598834
110,1203.1252526577246,53.23213067983943,606.3511447166017,47137.29147194584,233.31001080331734,373.04113391328434,0,30.317557235830083
111,1197.5885653458954,48.59368176478479,558.3247743896566,47195.492978499664,215.4968073227389,342.8279670669177,0,27.91623871948283
112,1192.5119751303089,44.37965321587096,514.0276605605778,47249.08071109325,199.00599035230533,315.0216702082725,0,25.701383028028893
113,1187.8562823702587,40.54858383003926,473.18161077021887,47298.413523029485,183.7447652981907,289.43684547202815,0,23.659080538510946
114,1183.5857740477995,37.06337324935094,435.5274451322465,47343.8234075706,169.62606219598976,265.9013829362567,0,21.776372256612326
115,1179.6678917869358,33.89079180618191,400.82396863601224,47385.617347770865,156.56830292502116,244.25566571099108,0,20.041198431800613
116,1176.0729346065546,31.001047803049666,368.84695362899055,47424.079063961406,144.49515734366844,224.3517962853221,0,18.44234768144953
117,1172.7737923557452,28.36740547938026,339.3881417760307,47459.47066038884,133.33529305043632,206.05284872559437,0,16.969407088801535
118,1169.7457063033266,25.965847667668967,312.25427269736906,47492.03417333164,123.02212263437215,189.23215006299694,0,15.612713634868454
119,1166.9660538035835,23.774777821667957,287.2661447274033,47521.99302364735,113.49355155534084,173.77259317206244,0,14.363307236370165
120,1164.4141543480455,21.77475671245393,264.2577117666871,47549.55337717282,104.69172917575646,159.56598259093067,0,13.212885588334357
121,1162.0710946477795,19.948269638400372,243.07521898045354,47574.905416733374,96.56280493827018,146.51241404218337,0,12.153760949022677
122,1159.9195706797973,18.2795204866436,223.57637909280464,47598.224529740764,89.05669123722211,134.51968785558253,0,11.178818954640233
123,1157.9437448813956,16.7542494212705,205.62959020536647,47619.67241549198,82.12683415510469,123.50275605026178,0,10.281479510268325
124,1156.1291168931484,15.359571361892966,189.11319540538705,47639.39811633958,75.7299929196427,113.38320248574436,0,9.455659770269353
125,1154.4624064395832,14.083832760129422,173.91478389715365,47657.53897690314,69.82602867414936,104.08875522300428,0,8.695739194857683
126,1152.93144710037,12.916484485210933,159.93053297153392,47674.22153544289,64.37770293627914,95.55283003525477,0,7.996526648576697
127,1151.525089867574,11.8479688976313,147.0645898035098,47689.56235143129,59.350485941732764,87.71410386177702,0,7.35322949017549
128,1150.233115509094,10.869619425336062,135.2284918213407,47703.668773244244,54.712374924224136,80.51611689711658,0,6.761424591067035
129,1149.0461548673577,9.97357116395185,124.34062421021267,47716.639649758494,50.433722266145686,73.90690194406699,0,6.217031210510633
130,1147.9556163178022,9.152681204239332,114.3257129865506,47728.56598949142,46.48707336155485,67.83863962499575,0,5.7162856493275305
131,1146.9536196954473,8.400457549246621,105.1143519969172,47739.5315707584,42.847013960603554,62.26733803631364,0,5.25571759984586
132,1146.0329360715712,7.710995623189483,96.64256214936185,47749.61350615589,39.49002670910283,57.152535440259015,0,4.832128107468093
133,1145.186932827429,7.078921496256902,88.85138116824967,47758.882764508075,36.394356555757554,52.45702461249212,0,4.4425690584124835
134,1144.4095235292757,6.499341056446408,81.68648217011349,47767.40465324417,33.53988467031775,48.14659749979575,0,4.084324108505675
135,1143.6951221596655,5.967794453048297,75.0978193829877,47775.2392640043,30.90801049641056,44.189808886577126,0,3.754890969149385
136,1143.0386013049279,5.4802152181815185,69.03929937086599,47782.44188410604,28.481541551381085,40.5577578194849,0,3.4519649685432996
137,1142.435253938611,5.032893544302798,63.46847617493126,47789.063376342165,26.244590580581423,37.22388559434984,0,3.173423808746563
138,1141.8807584761535,4.622443258155622,58.34626884117565,47795.15052942453,24.18247967393438,34.16378916724127,0,2.9173134420587825
139,1141.3711468076685,4.245772086331987,53.636699867612975,47800.7463812384,22.28165095718645,31.355048910426525,0,2.681834993380649
140,1140.9027750439127,3.9000548554828955,49.30665317155271,47805.89051692907,20.529583478149775,28.77706969340294,0,2.4653326585776356
141,1140.4722967357488,3.5827093121054614,45.3256502467898,47810.61934370537,18.91471591865575,26.410934328134047,0,2.26628251233949
142,1140.0766383499854,3.291374283517784,41.665643250804706,47814.96634411571,17.426374775271288,24.239268475533414,0,2.0832821625402356
143,1139.7129768047282,3.0238899337736664,38.30082383215635,47818.962309429364,16.054707665536835,22.24611616661951,0,1.9150411916078174
144,1139.378718885571,2.7782798964490723,35.207446577394435,47822.6355546406,14.79062143113942,20.416825146255015,0,1.760372328869722
145,1139.0714823803132,2.5527350909577953,32.363666024403244,47826.012116504346,13.625724724678202,18.73794129972504,0,1.6181833012201623
146,1138.7890787846302,2.345599050766661,29.7493862546509,47829.11593590997,12.552274782225066,17.197111472425835,0,1.4874693127325451
147,1138.5294974444162,2.155354610965176,27.346122140013506,47831.96902580462,11.563128099494877,15.782994040518629,0,1.3673061070006753
148,1138.2908910125168,1.9806118194354503,25.136871380430385,47834.59162578764,10.651694744932811,14.485176635497576,0,1.2568435690215194
149,1138.071562108429,1.8200969506565303,23.10599652646589,47837.00234441446,9.811896058253064,13.294100468212827,0,1.1552998263232945
150,1137.8699510793608,1.6726425142162458,21.239116235811508,47839.218290170626,9.038125497810624,12.200990738000884,0,1.0619558117905754
151,1137.6846247699532,1.5371781616133986,19.52300506482097,47841.255192003635,8.325212414569728,11.197792650251241,0,0.9761502532410486
152,1137.5142662160313,1.4127224051052782,17.945501145334195,47843.12751023355,7.668388544286316,10.277112601047879,0,0.8972750572667098
153,1137.3576651850858,1.2983750713565614,16.495421143350868,47844.84853860022,7.063257022802993,9.432164120547876,0,0.8247710571675434
154,1137.2137094928469,1.193310420620647,15.162481939624602,47846.430498146925,6.505763742035385,8.656718197589216,0,0.7581240969812302
155,1137.0813770313675,1.096770869259555,13.93722851304711,47847.884623586346,5.992170876292148,7.945057636754963,0,0.6968614256523555
156,1136.9597284495453,1.0080612596934566,12.81096754587649,47849.221242744905,5.519032420011808,7.291935125864684,0,0.6405483772938245
157,1136.8479004320386,0.9265436274614534,11.775706305541899,47850.44984963497,5.0831715888202025,6.6925347167216955,0,0.588785315277095
158,1136.7450995271024,0.8516324200547123,10.824096391043863,47851.57917166181,4.681659946021603,6.14243644502226,0,0.5412048195521931
159,1136.6505964780488,0.7827901266242736,9.94938196298315,47852.61723143235,4.3117981262483065,5.637583836734843,0,0.4974690981491575
160,1136.563721016842,0.7195232816322441,9.145352105111796,47853.57140359642,3.971098037025273,5.1742540680865226,0,0.4572676052555898
161,1136.4838570818217,0.6613788090621424,8.406296992127837,47854.44846711699,3.657266427478656,4.749030564649181,0,0.42031484960639187
162,1136.4104384247166,0.607940676980367,7.726967563348486,47855.25465333495,3.368189721352228,4.358777841996258,0,0.38634837816742434
163,1136.3429445750241,0.5588268350885723,7.1025384250111525,47855.99569016488,3.1019200189175336,4.000618406093619,0,0.35512692125055767
164,1136.2808971324775,0.51368641046333,6.528573725379938,47856.67684273168,2.8566621792965794,3.6719115460833587,0,0.3264286862689969
165,1136.2238563607607,0.4721971389774794,6.000995766685367,47857.30295073358,2.6307619011848833,3.370233865500484,0,0.3000497883342684
166,1136.171418057843,0.4340630119656443,5.516056136301023,47857.878462793895,2.4226947259926246,3.093361410308398,0,0.27580280681505115
167,1136.1232106803518,0.3990121195597369,5.070309156561299,47858.40746804353,2.231055893037023,2.8392532635242764,0,0.25351545782806495
168,1136.0788927012522,0.36679467380103536,4.6605874683439605,47858.89372515661,2.054550981643988,2.6060364866999723,0,0.23302937341719804
169,1136.038150181821,0.3371811961531747,4.283979578068483,47859.340689043966,1.8919872798749378,2.3919922981935455,0,0.21419897890342418
170,1136.0006945404577,0.30996085541238266,3.9378092111806193,47859.75153539296,1.742265824108096,2.1955433870725236,0,0.19689046055903098
171,1135.9662605023123,0.2849399432527777,3.6196163275842066,47860.12918322687,1.6043740578942534,2.0152422696899532,0,0.18098081637921035
172,1135.9346042150205,0.2619404757690319,3.327139665917575,47860.47631564331,1.4773790623957277,1.8497606035218475,0,0.16635698329587878
173,1135.9055015170463,0.24079891039815413,3.058300694123533,47860.79539887846,1.3604213143238824,1.6978793797996505,0,0.15291503470617665
174,1135.8787463462297,0.22136496852719956,2.8111888534941856,47861.08869983177,1.2527089306338877,1.558479922860298,0,0.1405594426747093
175,1135.8541492771562,0.20350055493380026,2.584047992345666,47861.358302175584,1.1535123623332424,1.430535630012424,0,0.1292023996172833
176,1135.8315361768932,0.18707876596995685,2.375263893750056,47861.60612116341,1.062159502629768,1.313104391120288,0,0.11876319468750281
177,1135.8107469694862,0.171982979094025,2.1833528093753056,47861.83391724207,0.9780311773011836,1.2053216320741222,0,0.10916764046876529
178,1135.7916345003996,0.1581060169879719,2.006950918508072,47862.04330856413,0.9005569876268947,1.1063939308811774,0,0.10034754592540361
179,1135.774063492795,0.1453493800727487,1.8448046378048224,47862.23578248935,0.8292114784972979,1.0155931593075245,0,0.09224023189024112
180,1135.7579095882102,0.13362254175938715,1.6957617132758256,47862.41270615678,0.7635106064198064,0.9322511068560193,0,0.08478808566379128
